WLYW,15;87;19;9;36;23;60;61;83;86;34;90;8;50;81;63;19;72;85;62
PWYU,8;0;15;40;54;87;46;95;2;98;18;14;86;85;53;80;8;8;3;53
ZUZB,81;93;35;0;11;15;41;76;47;24;63;24;67;68;30;47;18;72;93;80
PQ9E,31;17;95;22;97;54;73;42;70;31;98;79;30;56;45;79;39;9;37;68
EZS2,18;97;8;59;5;54;41;95;21;36;97;54;6;31;97;74;73;2;99;70
RR7G,8;79;70;90;52;98;1;87;7;69;44;71;40;9;76;91;61;49;27;22
XMJA,61;31;72;92;46;44;31;74;57;55;74;83;32;38;4;66;46;74;74;92
OACV,46;14;73;41;6;42;41;94;75;97;74;90;8;43;2;22;75;56;74;3
MQCE,36;66;38;24;99;3;26;55;61;93;25;41;23;31;27;35;99;71;70;24
CDL3,84;69;26;0;0;43;16;64;72;27;2;21;82;88;63;14;55;43;58;50
SCPX,92;52;16;80;41;67;28;74;64;72;23;45;43;0;38;68;24;48;27;64
O1T3,76;56;65;57;17;45;54;78;12;18;40;62;0;19;88;56;71;19;95;13
T8PB,25;29;55;81;83;15;52;42;58;47;67;55;33;97;15;12;75;30;88;43
JU8G,87;22;98;24;76;85;87;84;91;30;28;98;89;92;24;0;15;73;35;1
VVO1,18;43;20;17;51;35;34;64;20;84;17;2;88;70;49;1;98;33;77;57
N89S,42;22;87;84;80;44;78;5;32;45;20;86;87;23;85;14;25;35;45;76
FY0A,6;73;52;72;93;13;27;74;86;6;11;5;43;70;12;57;94;56;83;14
ALXQ,86;48;79;82;43;94;24;34;28;6;64;42;24;46;18;30;0;74;62;10
WCW0,5;64;90;64;75;7;20;24;69;70;73;59;13;75;77;60;92;23;17;53
VB56,88;24;43;13;77;31;17;90;46;85;50;80;85;46;55;32;38;97;73;57
T7RO,22;58;52;53;21;35;39;65;77;67;6;51;13;77;17;27;78;59;53;26
LAYK,51;35;39;78;64;51;77;83;58;1;55;96;14;55;99;39;11;59;3;72
MC4D,22;80;28;71;61;77;98;50;37;58;55;62;42;96;68;85;64;86;41;55
ZX96,43;18;55;58;74;37;56;53;81;21;24;68;16;52;1;5;68;84;26;97
A7P0,74;84;62;63;56;62;47;10;53;6;97;44;16;58;95;1;37;96;61;73
FW16,15;94;30;60;21;59;74;85;25;60;69;25;57;73;11;80;54;22;91;3
VHYZ,25;32;53;59;12;19;2;87;43;82;75;5;31;97;52;26;98;44;22;23
PZ5R,63;50;89;58;85;62;4;27;43;94;69;63;36;26;68;55;95;10;61;79
JXET,32;89;48;23;33;97;81;70;65;31;60;89;27;15;23;14;13;16;95;85
DDCL,4;4;75;66;42;30;62;13;21;26;98;20;55;71;28;24;45;69;42;16
T3QE,5;84;36;76;74;69;93;95;20;42;80;52;3;98;57;54;13;16;34;0
HBQU,76;18;91;84;47;2;93;86;93;38;86;68;20;43;56;0;39;43;13;17
GJB3,45;32;78;20;8;49;22;72;7;59;77;74;5;96;57;94;6;61;42;25
O4TS,27;1;99;54;9;37;93;73;18;99;19;66;43;0;1;53;93;81;17;10
RVGY,55;74;80;56;75;71;59;88;0;52;68;66;80;23;93;36;22;83;23;70
LUSN,95;84;72;79;51;70;85;38;47;25;18;59;83;30;22;79;94;25;60;68
ZAIT,12;26;46;70;91;96;57;6;56;94;63;41;23;97;66;36;73;6;11;46
G0SY,68;40;4;38;5;12;63;71;29;32;31;87;28;69;57;16;45;89;38;99
WNG1,56;23;21;12;85;41;51;73;88;40;66;35;12;33;94;49;85;20;72;4
XF8T,92;24;98;98;67;67;91;67;53;14;63;94;30;67;30;7;75;94;53;35
Z2Q8,3;62;14;29;89;24;72;97;20;2;52;97;13;39;22;80;8;83;91;18
WYBM,0;128;0;360;384;0;328;0;261;0;0;295;0;446;0;368;329;440;0;0
QJG2,59;37;30;50;56;57;11;16;1;26;8;81;77;94;81;42;36;9;78;75
JQ3Z,20;51;38;72;61;61;86;72;27;88;5;87;39;54;66;73;3;60;75;94
VH86,94;94;76;96;8;22;62;11;54;18;10;39;65;26;58;65;76;89;33;98
TF1Z,98;25;34;48;45;4;68;90;85;0;23;40;98;16;22;36;4;59;84;0
Z38F,83;96;86;13;31;70;63;27;73;49;33;26;82;65;24;55;3;87;97;15
OTEL,9;62;50;92;31;1;69;51;9;75;45;82;82;87;88;9;90;10;67;68
KCCC,15;59;20;73;94;76;49;80;3;28;77;67;28;98;26;54;74;28;40;37
I3QC,22;44;23;88;98;95;25;22;32;20;39;25;71;19;80;3;80;20;0;80
LA2Y,69;79;44;91;28;53;32;50;76;98;8;58;99;83;16;1;95;98;48;96
TKBL,23;58;2;17;65;11;84;48;81;46;71;70;0;66;91;85;38;13;18;46
IWBY,1;27;67;65;67;77;3;25;60;71;16;28;67;13;4;83;87;27;20;61
HJ0O,59;54;99;77;70;13;45;52;47;38;23;58;62;85;11;80;13;87;54;53
YD70,58;68;24;75;85;82;1;68;40;98;88;17;35;42;7;67;86;11;53;60
GLBB,5;36;24;90;46;58;22;79;19;73;13;44;95;67;24;43;61;60;70;20
HCHX,31;82;72;75;98;9;50;65;6;45;91;40;7;59;44;13;96;32;38;81
J427,8;79;85;95;35;76;76;2;55;33;74;76;45;89;26;56;2;82;64;91
B6H6,79;61;31;5;27;32;96;4;20;19;38;64;47;5;83;62;19;32;56;45
SZOI,87;97;24;71;87;29;66;77;17;25;95;49;52;97;41;77;93;98;89;5
J4C4,43;38;8;32;67;54;88;17;80;71;49;54;16;96;84;5;60;78;47;88
VCPF,30;17;71;19;60;13;29;61;23;46;24;40;38;56;74;96;49;86;58;72
SR03,12;97;44;25;64;34;11;30;13;39;32;22;0;47;9;42;91;66;19;44
LDNO,65;52;38;78;18;45;9;55;86;20;60;18;11;24;36;68;22;93;85;70
SU6H,88;20;9;11;48;16;63;93;88;19;95;81;14;33;55;37;61;93;26;5
RVGH,27;70;7;71;18;3;35;48;53;11;14;29;2;10;7;22;47;21;71;45
K3HN,40;60;94;39;71;42;23;84;44;78;90;58;3;9;67;94;91;44;92;47
M63X,44;60;57;48;42;80;87;21;63;63;59;60;29;46;101;72;43;65;67;104
PAJL,8;99;0;1;71;8;33;88;38;53;74;11;28;50;62;39;59;34;49;91
X1E8,38;68;7;44;84;53;34;99;98;70;44;88;33;15;34;2;55;90;32;78
FTTD,43;95;5;7;21;73;62;79;96;22;73;57;49;65;54;54;9;76;95;69
RJNY,64;64;90;32;25;55;75;39;27;19;86;5;76;19;48;89;10;66;0;52
GBG6,69;87;27;87;36;94;30;16;14;61;90;92;45;60;69;61;24;41;2;45
OQ73,18;2;2;60;6;48;60;77;31;54;9;96;53;25;92;46;52;87;43;27
DH04,77;65;56;85;82;47;19;24;92;96;38;88;50;59;3;90;87;15;34;79
RY03,27;86;44;10;22;54;26;46;90;72;76;80;67;86;0;40;85;14;27;89
Z84R,45;29;9;39;86;14;76;87;44;86;71;80;2;42;7;24;45;12;56;83
L549,77;92;27;62;22;4;2;30;97;28;30;72;27;61;29;84;78;1;39;72
NKDB,45;64;19;69;69;83;57;65;58;56;71;37;72;50;19;60;22;50;20;51
CG6A,94;10;93;77;58;31;28;36;74;46;58;27;70;12;45;44;22;38;97;98
IK4F,49;60;36;59;96;85;24;20;33;43;55;89;12;46;61;58;82;49;46;66
AZ3S,80;71;36;69;10;11;68;35;97;23;77;48;48;66;51;71;76;40;65;28
AIHR,59;28;3;76;3;84;87;48;21;35;50;10;21;13;8;68;76;35;76;64
U7ZU,90;14;71;85;15;67;47;21;41;75;79;22;41;45;32;43;61;53;74;73
PB6Q,10;9;29;79;61;88;9;99;32;62;41;19;80;70;91;49;11;1;49;42
BWLO,28;29;93;27;49;75;20;82;79;21;57;87;28;44;6;45;17;98;45;6
STDB,84;39;93;20;87;53;20;22;13;83;47;46;18;79;44;0;15;97;9;50
HG6M,22;29;17;37;59;66;95;67;40;82;42;12;77;22;64;39;71;70;11;46
W7XX,37;41;36;39;47;36;36;37;37;39;50;26;54;22;37;38;38;35;42;9
XPIH,72;34;24;94;54;42;71;26;61;57;62;70;49;5;16;24;97;83;36;61
P794,36;72;30;35;0;0;38;36;71;26;15;22;40;67;6;6;62;78;44;28
SLL4,35;36;38;7;80;70;19;95;75;52;13;77;82;75;9;93;38;28;82;76
PIF7,94;56;40;42;77;20;57;66;69;14;55;98;10;54;27;75;65;58;85;11
AN0F,96;65;98;66;14;39;22;68;23;80;65;28;2;23;25;48;52;58;77;23
JZ1S,61;80;2;6;53;6;89;26;91;6;34;72;59;99;70;57;96;14;53;33
N1TB,28;78;51;79;82;2;8;3;47;14;43;88;52;5;8;94;64;93;92;94
OUKE,9;94;71;30;80;0;56;42;4;51;47;29;48;96;47;59;78;35;81;43
ZQLT,46;55;43;8;32;11;30;26;61;67;90;46;56;10;11;39;38;91;68;58
TFCA,82;46;27;59;4;89;89;85;86;59;59;59;23;98;36;90;68;17;81;49
TAOS,92;84;59;11;60;80;36;37;27;71;37;60;11;1;50;30;40;59;28;53
VSK4,31;74;40;26;26;67;40;58;25;91;77;47;23;1;0;71;77;15;73;88
C62K,69;1;16;42;1;31;66;19;83;90;20;73;71;34;10;72;63;13;94;82
J4YD,10;51;6;0;67;43;98;14;11;55;24;62;66;25;5;73;71;26;62;1
DVSA,7;94;62;81;41;67;83;40;29;44;47;10;32;69;2;63;58;16;32;26
I71Q,41;45;35;41;62;87;38;26;49;80;82;71;37;41;30;77;21;7;53;88
EHNE,86;68;62;34;1;27;93;31;12;62;98;24;14;14;71;23;2;68;42;92
SNNR,97;29;73;38;15;6;35;97;59;43;2;63;70;0;36;37;14;48;98;53
G156,46;39;9;50;38;46;78;90;53;14;66;17;77;1;54;31;23;31;32;52
R0KX,50;79;54;26;88;93;23;31;22;30;69;2;37;66;62;58;18;47;77;94
ZGZO,51;85;51;50;89;42;31;74;2;73;79;18;43;63;64;89;52;23;39;93
CL1A,24;4;37;23;70;91;2;10;81;13;73;56;59;9;22;73;81;62;46;29
PKMX,71;83;34;67;92;32;88;46;52;60;22;84;51;32;54;36;97;51;79;81
QAJX,71;44;21;98;59;39;34;10;59;96;31;39;18;15;71;80;73;64;17;84
WS55,23;67;28;20;23;44;80;46;77;57;91;94;28;78;42;44;21;42;41;0
M9O5,89;85;6;30;20;91;47;43;76;90;22;71;48;92;75;19;23;50;7;17
RWKH,46;89;87;38;79;24;55;49;78;73;93;55;84;27;5;53;10;22;73;43
QLMO,27;20;92;96;42;38;42;45;79;20;8;77;10;99;84;69;63;6;19;12
H1MV,23;76;61;37;64;32;93;85;64;42;69;50;74;19;2;18;69;6;64;4
OKZX,94;51;66;23;31;12;57;0;17;97;38;83;53;2;68;32;75;21;71;49
M8SC,27;51;67;62;76;11;27;21;98;16;45;86;60;61;60;72;4;41;91;35
O67S,10;73;71;77;98;29;47;12;31;46;12;14;42;46;88;63;84;31;68;51
OTU7,22;53;87;70;68;96;38;37;38;48;86;59;40;47;10;12;88;8;91;54
V0J1,79;44;19;99;12;50;28;57;82;44;84;56;14;2;13;60;95;22;11;93
HT58,60;82;38;13;68;17;30;7;30;64;53;4;91;73;97;87;94;97;15;80
W9S9,84;87;35;78;11;11;46;96;40;78;50;69;30;46;0;80;43;38;72;14
F4JD,90;97;84;54;64;37;46;93;44;34;27;90;11;63;1;76;90;32;95;53
X2RB,50;46;83;1;9;22;7;10;57;76;38;58;43;71;76;0;2;47;18;77
TMV5,3;88;90;73;81;80;53;44;92;90;88;76;70;43;69;79;25;63;88;91
XWVI,14;63;66;32;27;77;69;43;59;69;70;98;22;87;88;64;24;86;51;34
VTUG,51;70;69;42;78;98;15;55;84;33;6;2;20;90;72;62;35;27;14;92
DHVL,46;18;57;17;11;22;27;6;40;98;98;11;9;50;51;90;8;18;7;29
JIIT,64;55;9;96;83;63;44;56;85;59;59;91;46;13;31;73;22;24;56;86
BI6C,37;95;73;57;51;34;21;76;5;20;61;51;14;21;30;48;3;50;35;57
W736,53;82;97;59;34;47;75;50;53;30;24;75;42;13;57;66;43;27;39;4
JMH8,24;26;87;51;54;81;45;30;17;83;2;18;23;27;37;36;75;18;54;81
QH83,57;49;93;55;82;12;38;84;86;76;17;62;92;63;24;63;98;31;13;32
HI8Q,65;68;7;16;52;92;79;29;66;4;83;76;74;28;81;58;25;48;38;90
AZAZ,51;68;57;92;89;43;8;3;79;78;76;8;91;64;6;8;6;79;73;97
TC6R,97;16;60;74;87;63;70;83;26;47;71;91;3;25;49;29;36;5;97;98
RN9A,52;24;46;24;19;28;76;18;35;63;70;62;65;80;83;95;22;3;72;63
XQNM,67;61;23;11;71;33;53;74;65;16;44;91;43;39;67;69;57;54;87;93
QNHD,32;62;29;77;70;29;25;71;61;17;53;39;86;42;33;11;76;31;50;54
E1TV,97;85;63;28;13;47;64;52;9;27;68;87;23;92;62;66;37;85;96;17
HQT0,33;67;33;39;16;12;5;52;63;32;89;97;88;8;6;6;27;87;51;19
AHXR,87;28;85;50;66;85;60;3;57;79;17;25;14;4;13;79;61;43;34;51
SGNY,29;46;18;39;72;38;47;77;44;90;43;53;46;39;0;49;45;55;49;1
MSIW,29;52;50;6;28;24;37;94;2;68;48;51;40;9;9;89;20;36;1;37
BJ4X,38;13;86;43;10;0;52;73;26;48;19;80;25;21;92;75;4;81;9;75
RO4R,73;89;37;91;23;85;15;3;89;15;70;2;95;92;17;63;86;30;77;33
CT2V,23;78;89;41;21;80;91;25;86;57;46;71;83;90;20;74;34;26;54;6
ZG7M,92;42;67;41;21;70;71;3;62;93;23;25;23;35;63;32;68;26;8;33
NFP1,46;55;58;55;47;48;31;9;27;31;49;97;34;9;47;13;38;84;83;93
VO7F,42;13;11;88;2;46;58;34;80;98;4;99;85;83;92;92;19;60;87;61
TQ7O,65;11;90;30;55;19;20;8;73;38;67;69;68;18;55;1;34;81;38;56
EO2T,80;27;41;27;9;49;86;18;86;75;44;94;90;33;71;34;0;74;12;12
HQ5W,23;66;95;41;87;11;5;70;6;60;77;12;11;23;96;91;79;96;43;25
ZQ8L,64;48;30;66;89;43;72;19;71;65;4;98;87;97;0;18;80;27;13;96
IZUA,54;74;97;63;39;27;77;7;15;62;98;53;84;87;16;54;30;79;11;98
I84D,55;3;66;75;15;87;96;5;31;55;87;11;8;20;84;61;97;9;5;49
H6YU,91;39;56;68;78;18;10;18;56;96;56;81;13;86;20;95;83;4;74;9
KNP5,51;20;5;1;69;83;66;88;42;41;62;85;78;87;12;24;25;16;3;18
NU11,5;70;34;58;60;90;44;61;88;14;17;27;52;90;28;52;28;54;63;31
QCU0,77;86;76;38;79;90;33;39;92;47;94;74;76;35;96;27;61;67;62;44
SF3B,7;22;80;29;16;91;66;30;27;25;15;82;79;79;37;18;45;70;86;15
AK2I,94;11;96;29;88;82;19;68;64;44;97;71;65;14;75;31;3;63;7;10
UVYC,75;41;39;62;39;70;48;26;93;0;28;29;30;12;12;20;20;32;98;69
S1Z0,1;92;75;16;81;21;74;50;40;79;7;0;52;5;11;47;25;24;95;41
BK2D,2;34;79;46;72;75;60;36;29;84;14;5;45;67;83;89;34;63;84;39
U0UA,59;41;42;32;68;79;1;63;57;44;42;43;42;59;39;38;72;14;34;43
EJK7,94;67;36;71;4;33;98;90;51;51;94;4;52;82;43;30;5;52;38;62
FH4I,63;60;82;86;63;27;86;1;49;96;98;47;77;15;95;17;48;77;38;68
Q9UU,4;35;83;8;46;61;63;79;99;4;92;80;80;81;1;95;0;3;89;94
RYTU,67;63;93;53;83;68;17;12;69;3;44;20;37;59;20;88;62;97;1;92
Q2HW,18;83;40;98;57;56;74;84;39;87;50;69;14;11;61;7;5;97;37;70
G2I2,77;74;9;57;2;93;98;31;34;34;79;13;72;75;3;21;71;57;1;96
Q9BZ,41;70;43;38;84;87;44;83;11;58;10;2;5;52;99;99;67;5;85;30
MDEJ,20;19;57;93;20;14;67;16;6;10;72;40;84;7;53;81;87;28;41;85
M2PO,73;70;88;99;73;74;37;53;9;70;40;59;89;84;73;96;67;52;22;17
G8QQ,97;24;11;70;51;68;7;19;42;85;74;60;38;65;95;9;50;16;95;20
O37D,74;33;9;88;99;55;75;74;82;43;25;14;27;35;26;13;99;42;30;17
WOZX,75;65;27;43;59;26;93;78;42;76;45;15;59;6;12;84;10;42;78;71
WZKA,81;64;35;95;15;86;37;86;47;18;56;65;66;59;96;68;89;40;95;33
BZMT,4;1;64;91;97;76;40;45;0;50;57;43;8;34;19;51;49;5;25;42
KRUZ,86;11;41;77;21;62;44;86;28;31;65;83;80;95;63;78;11;31;63;80
AUFQ,57;28;85;16;80;48;70;90;60;53;71;80;19;71;98;12;40;43;96;47
MVAB,81;16;24;59;39;28;19;70;84;12;26;74;24;87;86;89;74;94;87;7
SYKY,64;43;52;96;59;41;34;21;11;45;18;39;87;2;80;46;66;23;36;17
IBFD,78;6;36;28;56;56;13;4;72;7;10;92;48;86;68;92;95;35;81;55
DRTV,70;98;7;13;22;91;33;58;13;86;16;53;83;19;5;81;17;32;1;72
LE2G,58;56;76;38;69;85;8;76;66;17;96;26;70;13;97;83;8;66;99;5
XOQK,96;23;67;25;57;92;36;10;97;60;40;72;13;29;97;89;18;78;48;56
VPZT,0;57;10;39;13;87;66;42;23;36;56;60;13;19;57;98;5;99;13;6
OE4G,75;72;82;50;97;44;20;80;85;8;82;56;38;62;84;11;85;89;32;16
UOPW,35;92;22;14;14;38;31;51;31;19;10;11;30;32;26;49;9;75;14;27
BXKO,36;12;97;66;75;7;18;15;63;5;20;1;67;74;64;62;46;36;87;43
WEMM,55;12;5;52;7;95;34;60;93;88;99;12;93;58;32;41;22;44;67;53
PQR6,24;86;83;19;79;49;67;94;39;2;17;30;53;5;28;37;42;4;43;37
SEU9,55;23;14;31;68;71;57;19;43;78;12;5;2;46;48;19;62;51;8;4
MN8C,12;46;98;22;86;37;18;47;64;69;24;44;1;63;61;84;23;23;40;7
JRZT,74;49;35;7;78;85;30;6;37;30;0;8;8;2;53;88;90;4;10;48
E0CO,34;19;14;64;23;85;22;33;43;10;70;7;37;16;14;28;0;71;43;12
WC6J,20;10;31;44;16;83;22;15;26;49;43;7;90;36;53;25;16;51;48;85
R3ZN,50;80;96;60;95;47;9;18;86;78;71;9;52;98;69;63;52;22;40;24
HDFQ,22;37;99;94;21;63;39;60;5;33;33;43;18;83;12;57;75;10;51;46
Q4V2,70;37;76;21;72;53;82;49;59;41;36;53;20;0;56;94;14;14;45;16
HRLD,83;80;8;90;70;32;20;25;9;80;15;74;76;11;70;1;3;21;54;39
VWTU,7;90;1;61;63;99;34;10;93;17;2;55;18;24;22;24;38;20;4;16
BMUN,67;9;6;18;51;64;12;81;41;71;71;97;99;92;43;5;35;28;90;90
WODP,22;32;86;97;36;16;3;84;19;2;65;2;33;59;17;59;92;92;35;1
HDY9,57;62;95;74;78;70;20;75;84;10;32;95;37;17;28;30;16;4;47;67
WLF2,1;0;79;89;93;53;78;25;26;77;82;18;52;61;55;32;20;11;47;97
OPI7,87;78;41;84;8;99;48;92;57;55;80;57;26;65;58;88;64;23;47;25
QLS5,95;86;16;38;53;25;57;15;13;65;88;68;80;74;72;56;48;10;84;18
YGE8,42;75;78;32;7;99;58;17;9;48;3;22;50;45;53;91;15;53;38;40
KAJO,9;6;79;21;97;11;61;54;39;82;88;1;96;82;55;40;65;20;7;89
A0PC,99;67;75;89;31;94;8;32;29;62;10;18;73;26;82;76;75;97;98;53
G7DY,6;95;4;99;93;9;88;33;36;9;28;66;49;77;25;9;88;24;3;30
XH5O,45;46;66;38;75;38;60;79;92;16;84;39;12;17;31;68;74;37;22;78
Z05F,5;58;64;93;95;29;61;18;2;37;93;68;58;5;94;63;79;75;49;58
OBXE,44;71;47;42;38;43;87;36;30;32;39;32;57;40;31;26;59;24;57;31
J7EC,54;1;51;27;57;1;32;68;1;55;87;65;1;61;78;65;55;96;83;45
DA8R,22;2;36;65;55;60;61;16;30;1;31;18;76;9;74;65;45;20;42;35
P2GW,26;59;54;13;88;95;30;3;24;70;13;47;37;13;24;57;18;71;15;56
R0U5,92;96;35;44;22;43;48;55;35;48;36;3;37;26;3;71;87;33;91;14
NZO6,24;63;99;86;87;66;64;73;12;80;56;14;53;72;32;80;49;88;67;19
GVCF,4;30;93;40;18;91;41;68;45;20;46;68;30;93;0;53;58;88;96;20
ZUUA,99;84;92;47;77;80;61;74;86;29;71;54;82;93;92;50;4;10;4;37
X1M7,61;17;53;1;84;80;90;88;95;21;40;18;66;87;53;86;78;70;26;2
EUAM,26;64;94;76;49;47;14;97;66;90;33;43;62;88;35;65;15;80;32;74
X6MU,88;89;41;60;1;13;41;32;81;78;99;28;66;7;98;29;54;89;22;99
AJKH,82;90;47;46;52;18;55;2;68;55;39;69;17;1;22;14;96;81;30;46
Z5PE,21;17;72;73;9;29;31;51;65;30;28;90;74;2;81;51;25;40;38;70
O2K5,77;42;38;23;29;3;31;10;54;71;68;83;83;13;5;33;46;62;34;75
RJC9,28;81;61;86;67;48;44;5;98;73;29;16;52;99;24;23;27;13;39;13
J5KB,35;22;27;85;12;67;24;45;30;19;18;43;39;98;8;95;47;75;71;67
R4KA,34;45;71;65;28;37;72;99;83;76;38;92;14;51;33;28;18;41;41;39
WUM1,17;94;84;23;50;24;28;63;31;42;52;59;8;47;97;23;39;82;14;21
XS2S,66;27;53;45;24;28;41;70;37;73;35;63;36;35;52;51;57;47;45;45
RTN3,50;36;67;98;44;49;56;79;31;22;69;98;89;58;49;3;95;55;85;35
RDFT,87;93;60;54;9;46;68;96;98;74;6;51;73;33;93;54;25;63;7;91
U3DG,69;67;53;89;86;8;88;7;66;71;94;77;53;72;62;43;12;39;84;27
ORN1,33;95;23;27;81;32;81;13;52;26;85;12;29;33;19;99;49;50;47;14
DXNT,71;58;50;33;90;22;75;83;97;0;69;20;5;77;81;10;51;24;13;11
IW7S,76;26;79;60;48;45;42;21;99;14;74;87;83;46;40;62;98;9;73;10
RDHQ,69;36;93;97;76;75;77;74;31;21;32;31;74;99;59;80;72;11;93;35
NNK6,28;66;9;21;26;50;26;41;68;89;49;32;43;48;87;86;85;87;71;52
FP4B,22;63;42;66;53;35;55;41;76;25;13;46;29;60;40;61;50;60;18;92
GI43,15;18;93;15;20;99;51;52;9;67;28;55;25;47;65;31;86;41;97;58
DYUL,16;5;10;28;68;86;61;46;4;58;11;8;31;77;33;27;93;37;23;15
WRFW,78;38;29;42;42;62;59;1;71;26;78;98;97;77;50;63;20;46;24;68
V103,86;3;32;22;83;11;44;49;77;30;87;20;22;96;96;52;92;23;43;67
UG6I,13;85;67;72;14;11;58;5;27;56;59;8;12;52;87;42;14;20;96;52
BYG5,54;35;58;23;58;64;39;45;10;83;36;94;19;1;38;78;75;23;93;65
I47C,98;49;30;13;93;94;21;25;82;87;88;22;43;64;5;1;25;25;48;51
MCGB,18;8;83;96;28;47;44;23;30;55;87;85;65;46;73;10;90;75;43;37
KBMW,76;58;34;85;76;91;71;91;46;86;14;99;88;74;54;87;25;15;3;15
Q6ZY,53;44;21;6;42;89;21;91;20;71;38;99;95;63;17;71;57;3;38;48
FT6L,2;34;67;50;76;51;11;16;59;10;84;56;62;83;37;4;59;41;27;67
YFFC,83;8;38;10;36;70;31;71;15;52;94;48;22;60;37;10;89;86;21;79
BMCH,28;68;29;37;76;69;42;71;19;97;8;94;93;59;94;78;61;32;39;25
SVXE,84;52;77;14;64;25;24;17;58;76;98;32;24;39;28;43;56;81;50;94
XQ2A,47;94;41;3;24;93;71;73;2;43;51;84;92;55;70;32;44;34;52;96
VS60,80;24;42;64;29;39;54;25;46;26;74;79;33;59;47;68;40;31;87;11
A3ZU,17;66;19;55;13;9;12;44;28;10;72;47;46;64;30;96;84;59;55;63
IQ2W,53;26;1;20;5;24;59;37;17;96;90;16;92;27;25;58;48;37;68;21
VY7F,32;90;64;15;74;10;21;75;11;8;87;8;99;58;58;49;67;88;25;96
L345,99;84;91;25;50;76;97;88;6;4;42;94;10;19;61;30;3;51;32;34
W5RS,16;80;57;53;9;57;11;37;58;23;83;31;33;47;21;89;95;84;5;49
NH6P,97;23;24;90;49;67;97;7;78;64;45;51;97;21;68;50;87;23;77;0
IXCA,2;53;5;42;99;38;3;22;17;69;91;90;19;87;26;74;51;45;34;0
RX7L,79;86;18;38;48;7;16;15;88;78;80;4;23;42;36;46;47;58;69;62
K927,22;31;69;37;5;27;90;8;7;87;65;87;28;38;6;19;52;2;85;29
Z3FC,33;48;22;6;44;22;61;82;6;4;11;31;81;69;69;19;87;16;85;4
JS7L,57;42;14;8;62;4;71;4;94;25;15;63;2;64;10;42;70;75;44;36
G73E,34;94;6;13;91;81;1;30;12;21;94;43;14;94;18;76;16;0;68;92
K9NW,41;31;35;14;21;31;7;9;11;32;15;75;98;7;11;49;42;19;94;23
T8JL,32;42;20;7;81;75;16;4;66;71;96;43;77;63;35;66;49;26;51;95
KNP8,11;5;28;1;44;92;55;88;82;66;2;48;97;8;11;81;86;6;69;73
U7SA,81;22;12;4;17;81;65;68;67;37;96;65;70;22;27;11;19;6;34;87
PT3N,13;80;85;97;0;92;99;15;71;11;26;32;23;46;42;3;11;61;17;36
BF9L,38;13;49;95;40;78;64;48;9;43;41;26;89;91;68;42;5;54;19;64
ARSR,57;62;99;25;52;84;74;88;0;89;29;68;18;95;85;31;95;90;28;63
TN6V,87;85;13;19;37;4;77;2;17;3;59;45;1;30;70;21;50;71;40;61
TGQ3,23;78;52;24;89;21;4;64;32;63;81;77;83;82;68;87;2;41;84;23
OQWS,52;89;88;25;49;38;37;45;65;11;37;58;74;37;88;49;89;57;56;19
V9F7,29;10;3;44;10;11;19;15;1;14;61;45;59;89;29;28;25;43;86;26
V871,98;40;11;64;54;3;20;62;41;33;88;39;20;79;86;65;71;75;17;26
FBLT,76;1;83;70;62;74;98;91;34;56;12;73;3;11;63;52;85;78;0;59
LGDN,77;5;40;32;37;46;73;41;67;43;30;9;87;13;51;50;46;16;93;67
BAR8,48;58;32;30;25;34;63;57;60;35;12;8;4;38;9;16;38;12;78;66
JZXU,74;71;46;68;62;67;50;13;24;1;85;39;66;69;53;11;44;36;82;65
RMYD,31;42;82;44;42;49;4;94;1;51;67;30;58;54;99;50;5;16;31;8
NR3H,51;57;49;34;1;98;77;52;87;95;5;44;4;47;15;99;78;37;74;84
DGD3,63;5;93;47;40;62;14;6;52;25;58;14;35;15;6;46;97;6;27;79
QMUA,71;91;58;93;6;78;35;99;18;54;28;55;81;78;56;11;89;24;1;86
DU2O,31;75;45;89;91;90;66;98;64;80;6;78;27;76;54;13;38;86;95;27
IJP8,47;66;6;19;71;72;75;73;27;16;42;85;91;79;13;17;91;46;24;90
YQ6H,16;51;13;13;87;13;64;95;36;14;44;60;45;39;22;62;96;5;62;84
E8VN,79;74;35;7;5;47;65;30;56;58;87;12;98;46;99;16;84;21;10;20
DQBG,41;83;58;28;34;24;53;43;85;67;41;80;13;97;42;75;33;50;67;14
V35G,44;0;86;94;80;61;88;96;86;73;36;18;37;14;53;49;86;74;22;11
Y84V,4;33;55;28;5;66;93;81;35;38;38;1;4;96;37;63;70;29;49;88
C2R8,83;30;63;70;83;51;10;12;22;46;75;13;30;15;66;67;14;22;96;29
OGO6,70;5;95;25;44;59;92;95;81;43;71;99;2;0;35;19;1;79;16;39
LNZN,0;25;5;38;89;49;9;32;86;80;57;36;3;80;58;41;82;76;80;19
DEBZ,94;3;79;56;76;57;1;65;2;61;0;65;53;0;90;33;54;26;11;47
PP80,39;35;64;46;32;46;16;22;74;10;63;47;63;87;24;22;23;57;18;25
OG14,68;45;93;35;31;39;73;10;76;25;25;3;53;11;92;98;94;93;77;58
DFBV,6;90;76;2;40;97;95;23;93;62;12;68;65;13;87;53;84;93;49;77
ZE9A,20;64;98;87;21;15;68;4;66;69;12;90;28;92;82;6;80;5;16;37
KFQK,58;47;44;46;97;40;54;46;71;5;39;52;4;36;56;66;18;52;64;50
E7JI,59;48;95;19;4;61;67;4;30;89;20;62;44;34;17;70;37;80;13;45
SZX6,86;57;14;90;95;5;40;20;19;8;75;38;62;85;32;80;98;87;86;96
YAXO,74;34;55;89;10;7;0;93;14;70;32;52;32;30;79;2;25;10;27;26
M1Z9,56;43;45;21;7;34;65;58;29;98;43;96;12;90;12;20;83;8;39;39
CWM0,38;92;91;1;56;45;22;85;71;30;11;91;3;93;92;46;50;41;0;3
FRHO,56;17;27;52;93;32;4;7;60;43;78;49;32;22;93;84;38;18;95;76
NMYY,3;54;67;22;8;66;15;64;87;40;24;20;94;27;64;49;93;16;3;25
T217,12;32;60;30;50;71;57;48;27;68;36;50;32;67;58;60;63;70;46;21
DVRN,39;41;22;29;55;63;35;47;37;15;57;55;31;19;30;60;22;32;13;37
G2KY,84;69;92;65;76;45;73;0;37;58;93;22;28;81;73;38;60;12;49;76
RD1L,76;29;83;83;93;27;77;18;15;82;2;27;13;83;78;69;72;90;32;87
CJ7B,28;7;81;89;22;23;91;34;55;25;65;54;48;2;35;19;88;47;76;36
K8NM,24;2;70;69;99;14;88;99;66;57;40;93;7;56;0;27;96;46;50;91
F0LQ,1;87;23;21;80;88;68;27;75;5;74;73;93;28;75;50;32;26;75;71
YLDS,98;50;12;3;30;65;48;99;44;41;20;46;73;8;89;3;2;61;26;39
PUMG,54;65;69;94;73;44;23;50;49;89;26;99;64;40;18;92;25;50;82;2
P182,76;15;72;39;10;61;46;93;57;68;15;42;88;45;97;64;41;91;39;67
KZJU,91;36;96;54;55;68;17;19;11;67;65;14;41;12;3;2;27;20;43;96
IO39,90;30;88;35;46;4;78;56;79;45;4;2;37;86;49;34;50;71;49;4
S4B8,1;35;49;61;6;2;88;0;70;48;89;84;7;64;5;92;11;86;29;15
UZUA,94;90;14;30;74;31;6;69;76;87;36;4;97;44;48;8;56;42;37;63
KPW0,83;0;23;62;86;57;72;37;31;44;78;8;40;55;18;4;82;75;83;85
SI3J,79;73;90;15;61;4;47;36;43;77;1;7;27;80;68;0;99;34;28;99
DU06,36;45;89;40;29;85;80;95;70;12;22;64;58;7;59;89;29;70;88;16
K8J7,8;58;78;92;80;96;19;50;3;64;14;4;16;26;62;8;95;97;1;24
ZAXW,48;72;49;96;97;72;49;52;63;62;92;60;39;67;10;73;71;60;99;55
F8G7,73;53;72;99;7;44;98;55;46;65;76;80;2;45;21;71;26;32;56;15
BHBV,22;16;37;41;80;74;40;38;97;48;25;34;94;76;59;1;50;38;75;44
WRU9,99;20;53;59;59;87;11;24;20;54;21;44;85;19;66;30;4;12;30;95
A2WV,11;79;14;53;63;25;58;96;92;29;28;47;84;20;37;21;81;67;76;99
ZJPK,91;1;14;19;80;6;86;88;0;3;42;82;52;9;44;54;17;18;64;47
FMKV,82;66;11;84;88;68;54;27;36;65;33;93;33;89;52;94;73;48;98;91
CIKE,80;58;78;99;76;86;36;16;36;44;53;13;63;35;4;67;90;92;1;66
PW9U,51;12;13;84;88;22;77;12;99;3;68;52;19;13;17;58;67;76;84;17
XQBT,70;93;10;49;96;37;71;29;9;87;96;35;56;20;64;34;39;68;23;48
AP7Z,17;89;15;45;14;13;36;35;83;9;82;44;64;9;88;24;66;72;22;89
PVQP,14;50;66;17;32;10;9;68;79;89;22;11;44;11;27;75;17;80;94;25
K11T,43;63;25;50;58;29;1;18;4;4;90;44;93;30;21;91;85;54;34;1
FV8E,99;46;41;42;97;7;16;98;7;27;84;36;19;94;16;74;3;66;6;4
GJ1T,83;18;50;31;70;78;83;66;85;99;11;39;93;12;86;18;23;70;49;61
CWJP,1;39;38;58;99;37;20;54;74;20;96;43;10;44;84;33;70;53;51;42
HM59,24;14;20;80;77;92;24;97;73;32;39;63;69;73;25;7;1;16;87;49
CHVL,13;10;71;76;60;60;58;17;18;0;55;99;24;58;94;57;56;93;65;84
K37M,31;79;96;8;78;52;50;94;0;27;29;68;98;87;11;14;88;57;57;47
AGWC,19;34;0;48;10;24;51;59;1;59;81;97;46;84;43;98;48;19;14;62
S9QD,33;32;18;50;47;37;75;42;34;46;27;34;27;42;47;48;35;19;51;51
Y724,23;38;98;46;30;90;69;91;6;72;62;2;28;18;6;5;44;78;60;2
P18K,3;87;50;34;59;56;16;45;83;25;67;57;17;39;65;76;75;35;65;52
DXZV,80;34;98;26;28;64;66;34;83;81;8;60;43;22;4;95;58;90;18;21
LU5O,16;78;93;14;68;45;33;68;19;9;88;28;76;80;98;73;24;96;32;47
X80Q,10;48;82;32;61;41;22;70;84;90;13;26;96;52;8;4;95;15;35;50
AUBS,23;94;58;21;67;58;25;47;72;42;87;78;38;73;14;92;89;12;0;48
J7NQ,20;65;84;94;44;77;67;51;75;52;10;30;35;52;84;23;91;68;2;80
B8X3,53;21;65;19;98;96;27;62;90;83;58;49;37;81;16;81;35;10;77;75
Q1UX,28;84;0;99;50;20;38;4;29;7;51;29;97;89;82;66;13;38;9;47
S7XR,51;99;99;69;10;7;93;32;69;65;40;44;79;3;61;37;86;3;27;60
YAA5,93;96;41;63;5;29;22;92;30;23;19;30;49;21;24;79;58;6;21;18
DWIK,5;19;43;35;44;27;38;11;64;46;53;49;13;75;6;12;8;77;73;75
NKZ9,81;59;2;43;12;79;50;49;45;72;95;26;29;22;54;46;20;41;65;37
P8TM,19;74;3;47;80;9;12;95;34;18;51;0;54;48;43;20;90;74;20;14
DFJE,30;48;65;1;55;7;34;98;28;69;87;16;46;48;19;0;7;96;43;68
N6YO,74;47;14;28;34;19;1;86;57;75;52;74;67;17;87;64;7;2;12;59
IPY0,49;18;33;41;97;56;29;55;67;38;2;23;80;33;92;38;79;54;83;96
XLCC,51;32;41;51;29;65;56;64;40;69;37;57;78;39;46;50;36;66;32;36
RUTU,22;46;63;56;23;76;66;88;93;39;18;32;91;31;47;36;2;17;59;62
EJY4,53;80;49;12;98;2;53;24;77;36;17;56;58;86;22;60;52;50;47;49
VSFH,5;47;44;0;94;66;70;72;9;71;90;7;79;29;61;37;5;98;42;4
PSOK,41;5;17;33;96;95;39;32;25;53;24;86;45;65;99;27;39;14;56;64
WAPJ,89;68;76;92;66;27;69;12;88;77;25;43;76;19;84;5;59;86;24;97
GPUE,58;44;7;16;69;38;92;35;85;53;81;12;25;43;63;23;41;68;1;58
ZD9G,80;45;41;69;13;3;56;95;5;66;60;62;5;81;5;12;15;86;27;41
LX5K,67;2;75;33;86;39;45;60;31;82;59;30;42;49;12;34;79;61;52;52
AQ84,89;10;8;94;51;87;65;93;13;43;88;56;75;91;12;68;39;95;40;29
I69K,79;52;26;62;53;96;34;69;53;10;21;81;1;23;73;57;16;7;10;39
E0GX,35;12;42;21;49;6;55;20;59;21;29;6;92;79;56;98;29;92;83;38
PEY6,2;84;50;0;98;10;87;54;58;30;50;50;27;61;20;97;59;79;80;48
PB2Y,75;93;7;50;88;41;75;9;74;77;27;21;9;33;91;3;4;11;35;11
FL8A,61;47;49;77;55;3;24;61;64;9;69;84;1;81;22;18;54;82;89;79
XQAB,36;77;48;47;36;44;75;57;35;17;33;36;42;15;36;65;36;46;61;54
VMRZ,95;5;33;41;34;88;54;23;98;34;24;49;92;12;46;59;77;4;16;92
YR04,50;91;81;37;70;2;32;30;54;21;30;74;48;59;26;13;10;53;2;59
KC2R,89;72;78;17;98;2;32;63;66;94;62;1;44;48;97;54;57;73;74;12
LNW7,82;25;48;46;24;9;82;39;18;16;97;16;49;59;6;6;7;60;80;45
XIVU,45;22;21;46;86;96;27;68;73;5;79;84;13;78;0;44;18;76;59;4
DWQS,65;39;27;64;97;10;15;24;85;51;88;17;53;75;32;25;52;55;36;52
NZU2,43;52;74;68;88;74;95;83;16;54;20;80;47;81;79;8;42;7;85;81
SJYB,79;81;66;26;96;46;55;57;91;38;84;13;46;35;25;84;60;27;17;1
OY8I,54;56;69;90;70;93;77;64;38;3;93;21;49;61;47;11;15;68;93;15
MDW4,98;62;22;65;28;63;47;3;61;86;81;76;39;39;5;65;75;98;7;19
XSGQ,3;39;74;31;93;29;20;36;9;66;32;74;40;18;27;95;49;23;11;65
H6BX,43;46;40;45;10;63;63;20;83;48;40;60;14;59;11;74;73;33;47;60
F8LM,92;44;35;31;96;23;27;86;89;84;61;56;26;26;41;86;83;94;51;53
CG3J,29;51;31;33;41;16;75;51;86;92;79;41;84;32;62;19;73;86;76;60
FENV,52;50;18;87;85;56;58;96;27;84;53;38;24;23;61;79;25;5;35;83
P7GV,35;19;36;72;9;32;12;38;62;62;47;70;2;12;99;3;20;70;29;39
QVU7,62;55;94;64;93;30;82;5;67;39;16;82;61;23;5;60;24;97;91;4
FHPS,9;85;68;92;51;81;51;14;94;41;4;19;58;30;62;70;65;17;31;48
UQ7Y,35;71;87;85;61;42;80;89;46;45;27;17;56;27;19;78;53;23;66;12
VQJ4,44;94;43;40;42;39;89;17;35;46;90;69;39;13;44;32;33;62;69;37
JJTC,27;48;83;47;18;43;90;10;81;95;94;87;89;70;81;86;24;30;22;17
N10J,8;40;86;49;44;77;54;53;17;19;14;53;98;94;51;43;95;55;22;86
GJSO,77;32;12;46;43;70;33;3;17;37;33;32;42;83;75;68;70;93;24;63
T17B,43;11;33;24;37;25;9;54;58;98;92;93;89;52;33;23;75;78;63;26
NIDR,83;25;38;25;46;33;59;11;72;47;62;64;57;99;42;34;32;71;81;67
FPQL,86;38;28;96;44;8;67;78;27;73;24;55;34;96;44;98;85;29;91;21
RK39,86;88;34;13;27;72;66;81;13;54;24;59;56;16;26;69;45;10;73;86
V49T,28;79;93;76;61;50;61;87;6;35;16;50;57;51;81;22;44;57;45;99
PH9H,67;80;24;90;70;58;3;39;68;96;28;82;37;13;77;67;19;85;10;81
LLDM,39;72;0;87;12;75;14;34;4;88;8;37;64;32;44;15;12;93;14;14
KOEV,46;96;99;97;92;72;96;72;99;65;14;9;82;27;37;59;79;22;56;30
L6V2,84;14;14;99;20;94;20;2;11;95;90;85;90;72;71;1;41;45;93;86
QCK1,83;22;73;49;61;44;17;71;34;79;4;42;82;60;62;15;71;64;50;17
BNF7,6;66;65;59;15;97;74;12;80;78;58;49;92;29;89;46;81;43;59;46
YNR5,58;53;48;24;51;45;8;7;12;65;48;11;0;17;83;33;40;51;41;60
PC98,47;81;18;60;25;55;72;43;18;33;78;25;69;2;80;50;8;70;97;13
DIGN,9;76;21;16;72;29;6;1;40;47;22;94;18;27;89;0;55;72;53;38
K3IM,95;81;89;43;45;9;62;9;44;92;40;48;52;10;75;20;76;85;38;18
GBLU,63;60;30;2;8;90;66;24;3;32;5;5;85;77;71;79;20;86;77;46
E1VO,91;8;86;11;40;65;38;23;41;65;96;45;21;85;20;96;51;63;43;47
O6LQ,44;61;68;79;13;64;13;90;73;7;36;12;99;47;97;21;78;79;87;46
DNBP,41;98;27;49;59;0;50;41;31;13;70;63;93;9;49;86;38;2;28;64
O2TV,95;52;53;59;27;25;86;56;45;82;33;28;70;91;39;55;11;37;35;39
T3YF,87;89;78;39;98;2;55;77;46;61;5;23;47;62;20;64;20;52;53;47
BV55,98;25;51;42;95;45;57;23;69;91;67;82;13;81;46;69;6;50;9;53
GSC2,49;99;66;89;24;71;92;13;57;53;63;9;18;49;14;59;41;0;71;86
JZWY,12;33;75;90;0;3;42;2;90;23;85;89;5;88;37;78;59;58;71;33
D2PA,37;57;2;4;0;75;13;72;35;31;52;18;45;58;16;29;95;87;64;79
GV11,75;29;93;61;13;0;61;4;36;32;51;7;48;97;44;0;68;38;50;48
UX69,75;37;69;37;26;33;25;90;50;91;40;59;19;14;81;56;37;48;89;73
VBMU,60;40;29;35;63;52;45;86;18;4;66;63;58;34;30;93;9;19;35;54
X296,98;66;29;0;50;67;45;10;66;51;61;9;97;17;62;9;38;4;53;76
OTBS,95;33;47;45;22;77;98;42;73;59;30;69;55;89;17;71;94;42;13;42
E00C,98;4;95;55;48;4;58;76;89;36;6;34;28;62;43;45;98;45;79;50
IRSG,87;65;38;83;3;65;0;69;60;89;86;35;94;36;76;66;71;61;20;25
K573,39;7;95;5;67;84;41;23;48;46;43;44;7;54;9;21;99;82;53;57
EO49,41;20;37;6;4;52;79;92;25;6;83;47;61;55;89;63;38;65;54;9
GLN6,69;16;11;3;16;57;5;22;58;58;89;44;34;56;54;91;62;31;60;90
WVU8,25;27;43;73;31;2;72;54;58;11;56;80;90;9;22;77;77;72;77;20
SIY8,95;35;92;70;87;22;63;90;44;82;47;80;59;99;38;62;23;35;77;30
XEDU,30;71;14;78;88;18;27;8;6;40;10;16;78;36;88;50;34;44;95;69
P8KF,16;90;59;38;31;94;98;10;19;6;1;55;68;43;39;89;99;94;9;6
XBOR,6;85;45;34;10;90;43;4;9;66;38;34;32;42;75;63;58;73;75;1
Z8AW,96;37;53;2;27;52;94;98;21;47;18;99;66;33;21;61;40;24;51;87
YU83,44;2;29;69;85;6;55;58;61;40;2;38;9;73;30;58;87;80;76;73
F803,25;93;66;16;1;52;24;41;59;62;82;57;37;77;72;82;72;91;3;5
R0WZ,73;36;37;82;38;18;38;2;17;92;84;54;64;26;6;86;4;36;58;36
NMF3,38;95;80;67;43;17;85;81;53;42;39;54;71;59;16;18;36;87;84;87
UJXN,59;75;75;10;25;91;89;45;56;89;76;98;87;38;52;59;13;27;84;0
QWOS,30;70;0;17;86;7;75;84;45;29;32;65;10;4;91;98;20;81;58;92
CV9P,65;43;56;43;36;60;57;36;41;71;52;86;78;24;89;52;15;13;50;81
MTKC,24;42;84;24;23;97;71;8;71;54;58;28;74;27;97;10;92;40;30;17
HRKJ,76;22;42;72;24;99;75;91;90;8;5;10;69;38;18;45;39;76;28;42
NQC3,56;14;71;5;30;40;74;95;6;81;55;37;15;42;18;19;42;39;2;23
NTIP,81;24;19;55;88;7;82;3;12;33;82;47;83;29;92;38;1;38;27;61
RNUL,46;90;39;93;86;99;95;84;86;63;64;14;7;12;86;95;49;29;76;83
YIUU,23;15;49;9;42;26;4;38;81;26;57;38;96;46;44;52;9;85;13;23
KOKX,98;48;16;82;86;62;20;64;52;69;19;47;36;65;60;14;91;97;98;6
J4R9,19;38;21;81;4;21;79;10;54;57;46;67;97;43;89;60;65;74;1;32
V04R,73;26;42;40;36;80;30;11;49;24;41;65;30;24;61;92;33;10;99;31
GQMJ,3;45;80;32;2;41;27;14;12;99;93;54;89;96;6;87;74;91;22;9
BK09,18;54;75;37;51;74;92;61;40;3;95;90;1;49;95;78;67;95;60;23
SUD1,69;72;23;93;13;18;47;59;18;27;28;39;98;93;83;1;11;25;96;82
SNMV,52;75;85;28;75;9;90;55;24;81;93;32;85;84;86;34;65;17;77;86
YLEB,56;14;84;22;35;53;7;7;34;28;83;25;41;82;19;46;50;29;33;14
WM9N,72;99;21;40;57;91;74;66;70;30;64;92;39;28;92;3;62;73;92;34
GSC4,81;64;94;83;88;26;44;18;58;8;72;37;86;11;44;24;51;5;36;15
WTNH,57;2;30;47;82;30;58;19;0;55;41;2;7;22;37;10;89;91;91;47
QOB4,49;1;12;16;33;52;53;88;82;22;96;31;42;20;41;87;95;1;95;76
Q243,45;16;76;92;76;48;72;4;99;15;95;36;9;4;90;50;88;90;79;49
VVMK,49;50;19;47;88;77;15;83;58;12;74;32;1;44;72;52;12;90;77;74
JXAU,16;37;96;34;41;49;14;27;2;88;98;23;73;58;6;50;58;13;98;43
IV3Q,52;56;47;75;58;66;30;40;5;25;62;39;5;85;25;93;40;49;75;28
CYZ1,33;99;66;83;67;98;75;60;37;24;76;22;70;20;41;86;24;90;92;13
U4MB,14;23;53;18;0;36;52;55;67;21;39;88;12;84;7;90;1;89;61;75
W6BB,26;63;81;10;19;19;11;76;80;52;45;10;94;15;22;39;60;19;32;18
RD66,64;23;52;65;39;61;35;9;0;35;16;48;10;21;77;33;97;4;99;62
SET4,72;43;81;87;1;53;69;11;98;55;75;30;72;82;14;22;91;77;84;31
JDBE,54;1;96;80;22;5;23;13;2;66;48;66;5;99;55;39;85;6;91;49
AJIH,41;52;38;64;10;85;32;34;60;55;93;15;10;14;27;22;15;69;84;85
L21H,68;80;86;95;26;90;63;48;36;1;43;37;4;1;14;84;66;27;85;29
H7JN,48;7;97;21;3;12;73;46;68;33;86;3;86;16;99;0;36;63;50;66
HPOF,93;32;64;40;74;81;67;84;1;99;83;41;94;27;66;8;52;43;21;35
EG9V,96;31;98;17;19;56;63;0;13;53;67;49;38;39;85;66;34;71;56;86
SC8Y,19;35;60;2;72;54;5;26;37;24;12;27;53;37;77;59;76;32;86;15
CYH3,83;25;19;94;46;63;59;34;50;31;58;91;53;60;62;37;68;30;46;88
Z6O5,55;51;34;68;45;39;24;62;38;56;46;38;65;70;23;44;50;23;37;12
D97H,87;81;23;74;15;18;2;18;71;66;66;63;8;81;21;15;13;22;68;95
UQ6M,94;21;86;41;74;78;2;65;59;73;2;71;26;29;54;55;25;35;7;24
R23X,67;98;36;73;96;6;75;22;11;27;45;88;84;43;21;63;92;8;51;49
EUHF,95;24;74;86;24;73;73;68;15;4;34;15;56;63;98;73;16;18;44;66
WT3V,3;46;76;14;40;55;7;31;31;76;16;44;32;61;79;95;88;24;64;52
NJGT,73;50;85;83;89;76;48;39;88;76;65;22;24;59;82;74;26;85;93;56
RJM9,53;16;58;61;80;77;31;18;18;52;68;55;0;92;80;92;56;84;49;16
LLW4,56;15;21;41;91;36;19;70;74;38;64;4;69;80;93;50;78;60;28;38
UU7W,90;34;87;83;79;18;22;95;86;24;74;44;11;1;93;93;92;71;52;48
NZ0L,96;83;44;98;10;20;75;98;23;39;80;22;8;47;70;20;15;74;46;89
F7U7,59;16;63;62;35;98;83;63;94;88;13;37;37;41;32;87;37;70;42;89
JXXI,31;42;83;71;69;80;83;58;96;75;41;46;51;52;27;27;43;65;85;74
WAW1,24;8;55;2;90;11;67;72;66;45;71;40;56;37;45;79;49;64;50;29
HTDS,45;21;25;32;40;86;93;77;65;21;39;31;68;59;15;61;86;10;85;42
UFH4,42;60;71;66;54;95;64;58;26;0;3;56;89;85;28;0;15;74;68;4
B9WQ,36;36;84;52;6;74;82;91;44;75;48;20;34;2;57;22;86;2;78;83
QI5Q,59;26;35;0;91;8;16;48;22;85;36;29;50;55;21;87;44;94;19;11
RRQZ,75;25;65;31;98;74;24;5;33;1;38;34;48;65;67;2;43;6;31;86
F2GE,61;37;81;65;75;42;67;25;56;36;92;73;87;24;93;96;70;35;92;70
O4VI,6;66;44;47;94;48;47;58;61;84;89;94;37;18;36;49;60;76;57;57
HDUG,65;46;85;72;11;36;41;50;61;0;97;21;71;4;32;62;77;87;26;41
YMIV,57;37;56;64;23;44;25;91;71;86;96;71;90;0;31;1;53;72;53;10
X9MJ,72;41;44;58;51;59;78;99;51;22;25;27;39;50;39;72;36;9;25;77
FSY9,19;74;78;38;29;62;20;96;32;10;83;44;14;53;38;76;34;6;46;39
IQS0,83;22;19;17;22;63;98;14;67;67;90;44;20;91;52;11;37;48;67;23
KZUG,40;87;98;30;94;2;42;58;51;6;78;0;40;53;22;78;19;27;47;15
KD5D,73;71;22;60;47;9;34;18;91;63;89;52;60;80;42;86;45;79;27;42
SNW8,37;3;26;32;58;35;25;66;2;88;28;69;23;20;16;14;72;25;48;68
KSIQ,75;84;91;96;96;87;53;71;13;42;6;29;49;42;20;70;29;20;48;65
C10Y,32;66;72;71;97;60;56;14;77;70;85;46;18;65;37;84;96;94;24;72
QT1K,74;18;46;64;46;89;57;77;47;67;45;81;33;76;52;10;54;0;63;78
S29M,47;23;17;94;93;98;86;68;52;33;41;29;41;41;11;46;81;16;70;80
TWO7,72;59;26;76;48;19;51;52;60;93;32;49;46;74;22;99;46;6;40;25
CKHH,15;11;70;66;75;2;93;81;6;44;29;98;1;49;38;3;36;76;16;82
WMAR,21;78;39;66;23;24;13;6;31;85;78;54;45;87;67;63;65;14;56;98
M9JW,5;98;30;77;40;24;64;10;92;2;74;55;95;57;53;57;76;30;96;94
GILO,88;91;52;51;6;21;76;29;26;54;53;29;66;60;85;9;30;97;0;73
O1IN,35;27;70;74;55;37;12;90;6;63;22;49;94;53;30;11;80;80;51;17
AF19,31;87;10;60;58;78;32;31;4;18;20;37;12;24;69;38;43;26;26;94
SGP4,98;42;86;30;81;5;98;34;80;13;53;11;43;96;80;18;9;2;15;17
UMKD,86;14;54;8;58;97;74;54;43;28;2;92;9;40;27;62;29;14;15;36
GUT8,40;21;60;20;42;59;34;34;33;43;44;36;30;43;26;49;34;43;65;44
J3YV,42;99;45;7;94;81;79;1;30;99;44;58;75;35;51;87;24;50;11;7
BUEU,89;27;71;78;29;73;86;23;95;69;38;77;40;95;77;39;69;32;38;77
FQ6I,68;44;19;88;41;45;41;96;69;6;54;6;19;78;78;9;26;6;70;6
P3FN,84;65;62;92;33;31;20;74;47;96;17;9;81;42;36;43;67;4;99;3
A62Z,7;0;45;9;71;68;39;43;27;58;49;94;79;14;50;18;72;57;93;19
A00T,13;26;93;47;90;7;62;7;0;32;17;10;60;31;96;45;2;9;90;72
BCIS,87;51;40;74;26;93;92;2;41;4;91;85;98;57;68;73;34;17;9;94
TBKG,15;75;33;20;24;62;27;1;52;62;76;41;90;94;98;39;83;28;92;85
C4QG,57;16;99;85;21;0;67;48;58;21;71;96;65;65;7;66;14;67;56;35
V39U,7;19;84;6;35;48;3;36;68;91;21;46;32;52;61;99;72;55;99;16
VZQE,92;23;34;14;52;71;40;32;97;27;5;62;69;36;30;79;20;35;42;89
ESCB,47;96;53;32;60;72;34;60;86;76;63;68;68;37;47;20;88;54;87;77
IRTK,24;19;10;47;41;86;74;57;84;98;95;63;28;29;23;74;93;18;37;7
Q3DX,24;74;94;25;68;29;32;19;20;96;57;24;3;1;89;23;78;49;29;75
P42E,71;28;41;2;9;0;52;5;77;77;1;57;78;50;68;51;81;23;61;64
IKGI,60;10;56;72;98;26;53;61;25;61;6;80;7;93;19;26;17;47;68;39
NGDP,61;6;0;95;56;28;52;46;42;70;32;87;18;21;97;72;75;51;50;21
BHT1,37;43;97;53;68;57;56;10;59;87;15;69;27;65;14;55;55;83;34;98
JD7L,41;93;20;53;60;14;13;74;24;24;90;4;2;65;41;27;89;3;49;2
FDGR,35;3;10;42;4;43;17;22;95;90;60;27;15;50;25;55;95;16;13;86
XWP5,86;64;39;8;53;67;15;19;94;72;38;94;91;96;27;87;25;2;77;68
SEJ8,27;75;69;68;20;55;89;9;48;69;26;35;65;93;60;87;73;99;22;55
GA8C,31;45;29;32;28;33;27;58;56;30;65;23;22;63;65;39;86;7;83;96
MYHY,44;44;66;31;15;60;66;15;37;93;4;5;71;44;50;75;11;8;23;44
E7NU,21;84;78;21;55;22;7;10;86;72;13;74;15;52;62;50;35;49;27;43
X8IH,30;7;21;31;75;93;63;43;66;17;15;99;62;4;13;4;24;98;75;2
LX4X,0;38;18;81;64;28;92;31;17;21;4;17;18;90;73;43;65;45;25;97
SY9X,95;42;84;16;66;16;49;81;30;49;59;6;97;61;4;71;51;33;49;39
XEKT,49;37;57;32;62;29;38;66;48;30;44;51;55;32;24;33;56;60;44;32
PQS5,82;52;19;50;65;32;29;9;99;22;35;27;66;21;20;95;87;36;89;78
FZ5G,55;84;26;35;60;19;84;57;92;45;33;88;40;81;98;57;12;48;62;10
NN5R,75;66;80;12;45;82;84;61;74;15;60;17;14;50;12;97;58;88;4;99
SIGW,61;26;48;72;11;96;39;86;53;56;15;55;79;43;45;81;48;84;91;90
WIM4,85;38;41;8;87;41;75;56;41;50;91;92;41;88;25;34;63;5;62;5
IGZC,53;72;13;56;34;22;32;91;63;20;72;24;66;98;31;87;50;96;23;96
QUI1,20;92;6;87;56;46;22;68;11;38;15;66;44;88;89;5;38;22;7;64
RUXG,13;81;80;48;28;30;95;51;23;63;44;43;61;58;81;73;30;98;97;12
R26Y,68;9;19;46;70;88;28;35;69;46;42;31;57;91;25;16;72;29;75;24
KJQJ,12;26;78;20;92;12;71;81;14;74;39;23;76;62;30;90;26;82;76;31
G0PA,12;81;4;45;93;20;64;41;5;76;39;35;73;19;83;44;41;88;79;46
FPY8,47;7;44;46;56;11;43;1;21;35;48;60;36;38;17;1;33;40;44;49
RH7P,19;50;62;81;13;71;94;27;44;33;26;95;47;15;6;84;7;12;53;83
XX37,86;60;38;77;43;89;81;73;7;55;40;11;89;19;91;34;91;24;49;33
U014,76;20;49;25;47;76;57;71;16;4;50;37;36;60;3;61;38;33;55;55
QHF0,68;60;20;83;83;49;98;67;27;60;83;22;71;87;66;50;77;42;88;30
BOOW,72;58;1;25;1;23;53;10;29;56;1;35;80;53;27;64;3;17;47;90
AC62,57;35;19;40;22;33;40;4;73;4;90;30;58;15;63;40;28;14;53;68
JYN9,78;72;6;98;42;88;39;53;0;44;99;91;91;81;73;38;56;84;64;32
R9YV,83;76;34;31;0;77;95;0;3;36;74;30;69;68;36;54;52;54;92;6
YVUU,47;21;21;82;50;53;86;80;91;38;52;77;33;34;25;10;14;54;38;39
XFMC,51;16;48;62;45;62;40;46;21;56;44;87;36;38;32;64;95;73;45;3
NCIW,62;58;89;44;81;56;88;40;1;18;10;88;38;84;86;53;95;77;64;34
D99E,68;71;39;79;16;53;54;52;81;93;15;79;15;59;82;52;90;23;16;88
S3BK,37;92;52;8;73;53;81;9;22;76;99;81;56;13;73;53;77;51;18;45
U4I7,75;3;10;26;19;28;32;12;39;13;89;10;82;67;9;19;66;54;36;44
QWXB,50;0;99;60;22;66;74;57;58;41;4;79;29;83;41;51;22;61;64;55
DTDV,67;4;65;66;13;64;18;56;99;87;51;75;79;17;91;37;87;95;73;61
T0IN,74;88;94;72;33;92;65;93;3;91;21;95;51;42;67;96;69;13;59;44
FGRB,96;58;47;53;90;29;42;23;88;8;8;57;39;21;94;59;48;76;23;88
A693,54;10;32;81;22;13;68;78;84;43;74;40;35;66;35;59;1;40;53;96
SWYK,63;40;66;38;9;10;61;92;37;93;17;77;76;70;11;63;59;70;19;79
L6BG,6;2;77;41;11;67;92;53;75;70;26;47;62;4;88;56;30;41;72;7
KB6G,89;89;45;17;88;93;0;50;29;63;94;24;28;92;71;58;58;54;90;6
HV6A,28;9;69;30;75;58;73;86;37;89;97;16;5;57;62;70;16;39;30;16
KWD0,71;64;15;26;20;69;30;59;23;23;74;24;71;80;5;92;84;60;63;2
CFIL,31;91;78;1;26;21;19;50;5;8;13;62;86;25;8;77;16;52;61;45
DRIU,16;84;57;71;2;93;13;98;92;15;59;37;82;3;65;72;83;58;49;3
TFRN,43;76;83;4;91;33;94;96;48;8;50;79;89;69;33;66;61;81;12;1
BJWI,99;78;33;85;43;93;19;49;74;25;58;11;94;46;19;31;93;4;35;89
C2ZJ,80;10;73;20;37;71;15;35;5;34;27;39;84;51;77;37;25;92;99;35
O5Q9,21;52;63;69;46;78;10;26;28;88;75;12;87;39;91;60;91;16;0;55
Z30R,95;40;41;10;5;83;42;8;61;10;60;37;58;43;73;75;67;48;93;79
NWD0,34;10;47;54;56;59;33;2;13;64;90;93;80;88;38;93;54;14;46;13
RTVX,39;40;62;62;91;75;6;63;70;95;95;47;73;84;58;47;13;94;7;30
P084,9;74;51;85;87;29;69;34;44;44;60;69;39;93;86;35;29;99;76;6
S9F0,8;28;74;97;91;82;57;10;72;68;21;45;87;52;67;33;56;24;14;97
OTJP,28;73;88;57;81;97;43;66;98;67;76;90;34;30;77;84;56;0;25;53
LU0Q,42;67;31;27;44;2;23;13;3;9;73;56;66;31;97;72;15;46;1;10
VBNN,67;82;72;44;9;93;20;27;30;61;62;64;67;50;84;41;95;63;44;6
XM94,39;89;3;19;55;50;52;93;91;3;85;90;32;5;67;27;27;75;12;55
D0H9,23;57;95;4;40;58;18;38;42;70;91;61;1;67;34;14;95;8;90;32
HXKQ,53;67;96;49;18;44;21;54;21;26;44;48;18;71;33;1;74;97;62;48
TCBM,34;29;2;14;20;95;13;48;56;96;50;18;92;53;25;25;15;19;5;8
ILB7,82;47;46;85;38;81;73;1;59;8;47;49;0;19;81;57;92;5;0;43
U4VS,8;55;72;37;41;69;73;36;95;76;22;34;65;95;86;93;67;55;59;87
CL3T,20;21;70;78;96;21;9;25;85;48;9;20;54;72;21;49;22;3;63;93
S7VZ,51;46;69;76;88;46;92;95;97;9;38;24;36;63;96;26;30;43;61;11
PW1R,65;64;64;35;41;72;27;75;97;43;63;54;14;73;78;99;65;7;88;47
QOZS,34;27;81;32;52;42;72;94;13;55;48;81;83;77;78;10;45;4;37;11
SKCC,54;97;36;95;89;12;60;30;83;53;88;76;88;32;50;21;61;18;37;86
LCH9,33;64;39;46;22;57;37;32;28;61;34;30;50;45;42;33;46;28;43;33
MZPZ,4;56;27;5;71;69;90;5;3;21;11;35;29;23;20;82;79;76;93;87
ZGRC,4;88;28;89;81;4;62;37;33;47;16;43;0;96;16;75;38;16;34;76
HCZ0,17;3;22;10;91;29;77;24;92;1;63;72;0;43;20;78;70;35;78;65
VK4L,18;45;36;14;71;52;43;92;25;35;26;0;78;69;51;16;29;85;59;89
SO1K,1;50;33;67;50;74;2;54;27;31;89;50;40;13;46;98;62;3;19;73
GUHX,5;50;27;9;7;90;12;79;33;58;37;88;87;21;0;64;0;5;80;22
AKZ6,11;11;27;12;39;3;35;86;45;44;61;96;71;51;73;13;95;21;97;39
SQTX,68;91;69;29;54;64;20;99;60;74;88;88;39;58;83;82;79;21;38;12
VTBW,33;77;59;41;0;64;52;82;69;81;94;96;30;16;71;23;44;11;13;2
HAZI,8;47;1;69;44;86;49;79;38;64;10;66;69;78;99;79;6;5;81;93
U64N,6;60;49;12;17;96;50;51;72;78;23;89;78;20;63;77;61;95;85;92
T2UX,53;31;11;45;61;6;56;87;7;62;65;63;25;78;92;84;91;94;81;6
VULN,75;46;64;48;11;90;13;91;11;78;58;64;33;59;68;36;25;53;38;48
INEA,36;41;49;22;33;95;60;2;67;51;75;10;93;25;89;62;95;93;39;88
SNPX,7;71;41;39;22;75;78;49;14;81;26;27;47;25;66;58;56;32;59;44
ZJG1,52;86;98;42;49;42;36;38;82;26;75;21;77;85;8;0;99;79;31;30
R3YI,1;18;75;66;23;97;45;49;59;30;1;99;92;59;87;27;77;22;89;59
JCJF,16;75;18;15;44;79;4;26;75;37;88;50;80;65;78;82;72;79;29;7
VTB5,28;85;37;3;96;24;24;78;39;9;17;86;11;8;52;83;16;67;12;13
OR8K,26;49;57;95;79;21;2;67;91;28;56;40;29;22;24;8;51;92;7;69
QHYJ,39;92;12;40;7;96;52;20;9;31;4;96;50;29;92;45;67;48;69;4
JWD4,49;2;20;76;37;39;99;39;1;32;26;32;35;44;22;80;73;73;11;61
D1QG,13;94;83;79;57;88;58;2;33;63;56;43;2;77;75;47;95;94;57;77
KVUR,23;36;13;95;16;34;73;3;89;2;49;72;45;84;66;28;78;2;83;55
NVMY,28;71;31;22;33;95;10;84;80;66;41;22;46;62;78;96;32;28;34;66
LWJC,22;30;3;4;31;88;27;27;51;32;14;24;55;6;3;34;8;99;74;82
SB6O,53;76;17;60;71;65;0;13;94;22;11;61;45;93;68;22;85;89;45;60
QE34,79;74;63;74;52;39;60;26;83;45;55;58;47;24;71;53;40;50;47;74
WX8Q,94;87;69;29;92;85;59;70;68;92;80;8;44;28;31;14;28;16;0;40
HPX4,44;17;77;39;94;33;24;72;20;67;63;77;96;97;91;20;5;42;94;2
PAGO,82;91;75;25;26;44;54;4;35;15;43;13;43;94;90;30;2;77;96;0
CZEW,13;6;25;20;26;90;99;69;72;29;39;42;43;24;30;30;80;40;88;28
RZ6X,30;31;73;86;90;77;17;69;90;0;88;51;70;12;47;39;43;90;12;37
EVNV,67;94;72;46;10;80;30;62;94;55;0;92;82;69;69;56;85;61;80;21
ILIN,66;42;41;34;40;92;27;78;4;38;54;86;98;77;35;19;79;72;57;39
YA41,6;38;26;64;30;87;87;98;83;77;2;15;58;81;96;79;92;99;74;30
OVOG,67;18;22;2;1;37;58;90;26;40;94;87;71;8;96;60;4;3;95;2
G5E7,30;0;9;96;80;35;16;38;44;9;47;12;56;26;9;90;35;36;83;16
M2Y9,58;26;48;39;70;57;31;20;76;0;49;2;85;0;65;9;53;56;86;55
YRBC,46;38;22;6;28;79;73;11;45;37;94;22;93;25;54;53;94;60;12;65
DTHN,8;12;14;73;54;45;67;58;25;11;30;42;59;14;56;14;11;71;53;66
W31H,76;77;93;65;22;85;26;58;54;76;37;85;49;71;16;78;0;13;79;32
UV1Q,85;26;79;64;76;48;57;48;41;57;30;80;82;32;74;38;32;45;98;65
C174,59;90;9;97;86;30;40;19;53;57;94;91;26;88;65;10;50;12;64;84
L6XU,22;93;31;89;34;25;52;14;99;61;34;80;8;1;20;33;89;30;20;11
KP2Z,14;58;29;91;80;20;68;32;61;71;86;9;7;32;88;28;44;83;89;31
XGSW,9;49;99;91;61;58;29;52;0;71;80;64;66;95;74;87;89;22;49;24
KXII,64;57;64;32;66;14;51;70;30;95;24;99;23;57;28;72;44;1;0;54
WDA5,85;36;51;27;61;4;96;23;15;72;87;2;26;53;53;64;43;56;61;22
X91U,89;33;98;59;45;69;38;49;72;99;77;71;24;74;58;20;62;80;13;2
PPON,67;51;69;81;49;0;77;11;51;9;70;34;13;5;65;17;40;70;0;60
JAZL,43;43;25;3;67;70;54;67;57;25;58;76;88;1;52;99;26;88;83;91
E24E,92;39;21;25;84;52;30;91;47;86;36;5;71;90;79;30;21;40;64;13
U0V0,6;34;43;43;15;56;91;10;91;31;74;97;30;2;71;27;79;70;16;24
Y3KN,89;24;88;24;91;79;36;24;49;86;69;75;31;23;56;93;70;83;42;34
EXH5,7;32;51;37;46;53;47;44;67;9;12;67;9;83;91;93;13;44;88;63
XIL0,17;33;36;34;83;83;0;51;23;91;76;77;33;28;73;61;77;23;66;42
NF5C,66;38;1;63;78;56;19;52;10;78;22;20;78;41;1;80;41;79;88;26
CSVM,6;33;76;27;12;21;88;19;22;69;60;84;88;22;69;63;99;74;14;61
LKBC,54;73;10;37;0;22;10;41;98;74;13;1;30;84;29;52;38;18;30;36
U1V2,34;70;12;43;37;22;4;79;20;4;57;50;26;83;11;40;1;38;56;81
AJNY,78;54;73;50;30;38;21;46;44;26;78;70;39;31;36;23;52;53;11;68
ZP3J,97;69;24;52;67;28;28;87;53;57;45;87;79;91;97;92;28;14;87;46
O7O0,23;50;55;17;39;21;60;59;19;24;13;44;43;41;43;29;5;5;98;94
QPV4,18;3;82;62;59;42;62;22;15;93;62;42;78;8;66;6;82;5;41;96
J0XJ,8;88;21;15;10;49;20;84;7;38;80;33;61;1;4;26;76;11;69;88
QA56,72;41;95;32;17;68;63;35;42;24;72;75;61;21;9;84;36;52;13;37
G61O,62;69;9;54;56;7;18;70;50;62;78;87;96;52;21;34;44;86;29;34
P1WH,97;3;52;71;64;24;68;53;17;8;50;36;21;46;45;58;45;72;16;88
E9P8,97;2;82;89;2;3;12;18;3;16;31;93;83;70;91;0;55;45;56;39
JHX4,78;28;65;81;66;46;13;50;85;21;11;64;86;53;23;65;41;2;84;43
YVSU,59;96;22;55;22;88;63;75;11;23;99;82;19;91;66;43;99;9;61;14
HKYX,14;19;22;25;78;77;67;16;58;15;91;61;52;45;93;15;77;70;8;72
TO6R,74;44;7;54;98;31;33;1;97;63;67;72;80;53;27;60;12;22;62;35
MMXK,3;9;11;81;52;6;25;93;84;2;99;86;40;78;96;25;79;16;84;7
KQZW,62;29;60;62;92;72;12;58;35;93;20;49;60;24;36;30;65;63;42;25
OSR6,98;50;50;63;62;26;12;6;74;78;28;70;2;91;79;82;85;64;68;87
XATC,28;37;11;94;17;69;55;6;79;91;65;44;65;70;93;4;59;27;96;6
BUUP,39;49;32;18;99;35;95;15;61;7;37;39;51;98;4;10;79;29;11;78
J8Q4,45;74;39;17;91;52;8;98;99;49;98;95;24;29;47;83;3;84;34;39
M0JS,43;95;6;62;61;18;83;18;36;6;20;91;67;51;36;0;70;20;46;58
CW9L,65;18;22;25;42;93;71;88;70;6;47;58;47;52;42;89;48;28;63;1
Z29A,47;36;37;28;52;44;91;33;86;29;25;0;77;78;2;52;79;12;4;15
IE05,64;8;32;56;42;89;4;47;73;8;10;57;2;35;18;13;90;57;38;37
OURJ,88;50;4;78;82;11;55;68;92;91;80;40;0;21;45;84;22;85;2;60
DZGA,83;44;63;37;25;39;44;64;5;75;38;77;40;79;99;71;13;54;73;31
VN9U,54;61;53;10;55;70;55;98;52;93;59;91;83;59;22;98;29;69;35;29
CHB5,45;1;45;39;62;5;89;99;24;93;41;39;4;73;78;34;9;94;88;69
P0SD,4;84;94;29;36;18;45;74;71;71;74;37;18;53;32;20;13;48;46;45
R2WG,60;78;22;17;94;46;90;12;71;71;13;92;49;6;60;78;14;30;89;48
JQFT,49;99;77;61;80;98;69;30;47;65;20;72;84;15;91;33;48;4;53;90
VDN5,6;95;15;21;17;17;87;22;60;4;86;42;63;72;35;97;5;91;39;95
M2OW,49;57;36;44;35;8;29;44;98;72;85;5;57;85;66;7;99;30;37;61
DCL0,41;5;5;0;42;40;21;86;79;87;77;50;0;86;98;48;45;11;88;99
OGM9,76;79;5;90;25;35;54;82;56;79;23;4;47;7;34;73;25;27;41;20
QUOO,15;25;74;51;78;64;87;26;37;27;15;5;72;94;55;98;91;74;37;96
JJ8C,84;37;70;20;63;89;9;54;33;78;83;24;20;73;94;79;32;26;12;50
J5LR,2;88;84;79;0;40;69;68;82;11;21;44;21;3;40;81;50;22;66;15
FXPW,0;152;0;425;322;0;329;0;211;0;0;346;0;172;0;259;348;257;0;0
RNT8,65;34;90;19;20;37;71;3;80;61;39;68;19;91;89;63;12;62;74;89
T8DT,44;84;70;43;98;48;53;102;62;86;35;35;76;24;76;22;43;58;13;74
YY5F,51;48;31;80;5;42;59;21;43;17;36;1;36;41;43;22;53;99;90;20
D6ED,40;52;6;38;54;87;44;70;69;14;7;46;51;57;15;23;32;74;33;38
MOOR,75;68;75;68;72;3;40;40;89;34;87;97;81;10;81;51;8;39;40;77
SQYH,86;97;52;93;85;78;57;39;29;50;39;15;1;38;31;76;55;90;42;77
C90A,17;2;45;67;88;15;30;7;5;95;53;42;74;78;63;23;84;12;72;51
DH39,23;46;62;95;45;19;7;64;68;83;92;71;27;17;22;43;10;29;10;88
Y94P,44;90;26;64;22;41;96;17;87;4;45;82;83;90;79;31;96;10;90;93
FK7Q,37;40;82;98;99;26;66;87;39;84;8;34;78;43;31;35;53;7;1;81
IJNV,0;83;16;23;2;99;35;25;52;83;97;89;55;97;50;98;16;90;44;20
K20D,24;41;37;41;22;62;41;21;41;36;40;35;40;36;26;58;65;60;49;63
UJGT,78;24;86;89;38;28;50;23;92;38;81;2;76;18;74;79;80;21;42;6
OCMX,57;44;26;76;77;57;98;7;99;81;62;50;43;30;13;83;36;53;64;60
AUL1,96;83;15;53;49;33;79;40;99;62;14;85;76;72;7;77;15;82;12;93
MMSH,82;98;68;38;88;63;39;64;95;42;19;5;89;56;9;45;99;73;0;45
WAWF,34;24;55;62;53;49;39;42;29;31;32;48;42;25;38;23;34;12;51;35
H56N,21;59;38;39;48;80;86;42;47;55;41;56;86;28;97;96;20;80;83;77
C4GR,52;55;88;82;2;46;66;59;8;91;43;44;15;64;63;3;79;4;39;93
QEL9,87;62;67;94;31;69;26;25;30;47;98;38;90;13;85;89;12;38;13;62
IWZJ,25;27;15;90;83;39;52;50;22;22;9;2;33;60;25;35;37;13;31;20
MP48,57;55;29;72;48;5;2;7;77;3;54;43;61;88;93;76;98;14;14;97
EVK8,79;5;81;96;76;87;14;88;52;45;58;13;8;19;22;67;92;86;22;20
ZNZ1,69;89;52;94;94;11;83;50;53;90;7;41;50;63;35;8;93;37;46;39
MG12,75;34;54;46;37;16;39;44;59;10;12;92;50;75;81;28;16;39;5;52
PO0K,20;49;11;66;78;66;52;1;98;26;41;8;3;95;6;26;41;61;42;63
SNXW,48;6;48;13;74;30;99;85;9;76;15;79;76;99;15;91;67;74;62;0
Y4D0,83;71;18;92;72;30;17;90;71;96;70;43;97;95;63;56;37;3;14;56
TF9U,65;5;3;71;29;13;14;49;52;39;40;77;4;75;42;48;43;67;28;73
SXJ1,93;83;58;67;62;2;96;18;6;99;29;49;68;50;39;5;18;95;65;47
RJJ7,73;60;81;73;21;14;88;98;78;53;67;76;3;72;26;70;73;97;29;78
OMFF,24;89;86;29;98;1;62;30;48;10;50;11;9;95;32;77;30;8;76;90
L29I,86;72;15;19;97;59;52;99;12;60;62;15;47;34;84;66;91;43;90;52
QG4D,83;9;43;69;41;46;73;51;36;69;76;86;28;48;29;78;70;77;42;84
QTON,14;33;49;1;81;51;95;19;6;60;55;95;39;82;20;71;45;31;47;11
YY2U,15;9;36;31;16;28;78;45;15;16;51;24;52;19;66;5;67;89;23;77
VQLJ,26;70;41;67;1;48;24;71;7;63;30;90;61;86;96;13;33;31;95;12
TTJN,57;99;56;28;26;13;38;40;39;34;75;97;61;91;20;51;77;3;6;71
TGGM,87;80;90;94;45;86;32;22;65;6;53;26;21;61;89;88;48;26;98;82
N5KX,38;28;61;51;55;48;46;35;34;53;54;91;82;13;33;76;69;10;57;71
U0JK,41;50;25;37;27;23;5;19;70;85;35;61;31;7;87;71;59;15;23;23
BX50,89;85;46;12;3;19;29;12;85;92;99;48;19;52;39;98;92;69;22;73
V8NC,8;5;71;68;87;58;61;93;42;78;62;94;17;99;48;20;94;72;59;68
VG5W,62;77;33;61;96;51;11;47;73;52;43;78;62;20;20;46;95;76;2;56
GG08,39;66;25;94;71;22;38;26;32;30;73;79;58;65;74;51;33;26;93;42
O7Q8,89;33;95;10;74;83;72;85;40;95;12;29;75;38;43;85;80;94;22;54
KMT0,54;53;59;56;58;76;43;33;63;20;65;74;61;81;1;30;61;84;99;43
YF58,90;1;58;13;79;86;34;95;74;74;60;86;98;26;64;3;25;59;58;42
RIDQ,15;77;81;33;77;87;86;62;9;43;63;71;76;6;94;90;57;72;43;63
I1ED,59;44;65;64;32;63;66;41;4;51;8;96;75;67;98;29;25;1;82;31
TB71,3;54;48;22;17;14;22;21;75;73;34;78;10;96;47;22;30;73;60;20
JYN2,20;18;47;9;49;68;65;0;19;44;48;65;40;18;43;69;32;85;34;61
PGV1,99;59;51;44;56;84;52;50;68;29;19;86;0;90;74;80;34;33;19;73
IF0A,72;25;94;47;54;77;73;46;24;79;46;66;96;11;58;55;17;56;85;38
P0G4,28;9;67;56;56;20;62;59;16;82;94;41;80;6;6;95;99;54;87;10
Q84E,54;49;70;0;63;71;27;87;28;83;56;42;26;77;93;98;81;31;80;95
WW4S,88;69;98;68;32;22;42;12;77;42;47;59;32;24;21;1;96;64;38;36
GV7X,68;75;32;44;59;99;75;74;73;49;87;47;36;91;26;49;16;31;92;4
B4LA,41;36;58;36;24;76;71;83;23;64;92;88;67;75;37;32;3;40;52;23
D9I3,58;12;48;85;42;18;53;95;35;83;15;45;11;89;23;72;88;0;61;64
SEKB,85;29;85;74;9;82;78;58;99;61;33;84;55;27;89;35;1;6;5;86
K3X9,20;67;96;57;6;13;14;79;71;38;56;91;64;59;32;20;4;86;98;2
ZJZ8,33;76;82;13;98;77;73;57;55;57;35;76;45;39;9;93;68;59;5;82
XRT4,35;75;77;75;14;35;26;2;14;71;87;67;7;17;54;65;13;95;7;55
PTS1,19;83;33;72;11;49;57;0;55;61;77;63;69;92;94;1;83;93;21;34
Z2UN,11;58;51;5;45;26;37;61;13;28;29;52;37;78;15;2;46;27;66;38
ML4N,76;27;47;75;58;61;59;59;50;58;58;36;68;22;84;88;1;76;87;94
XQL2,57;30;31;44;25;0;21;81;99;63;0;70;19;19;22;49;36;30;90;21
EEO5,29;85;83;24;47;84;43;19;27;18;93;43;80;22;26;87;27;86;45;82
WHXZ,32;88;42;48;46;10;42;36;39;83;66;75;14;94;5;64;36;26;80;21
OXK6,55;14;99;29;53;69;86;22;14;23;54;7;74;98;77;43;77;44;46;27
MNXJ,54;12;49;30;0;35;96;49;37;34;17;13;7;22;74;74;79;60;44;73
GORH,52;66;81;25;85;25;88;2;60;61;64;41;46;18;13;92;2;1;54;80
TKYQ,53;92;15;22;63;22;59;16;40;61;18;64;43;99;70;8;77;20;77;94
IZ0C,72;30;57;63;60;27;77;40;25;54;44;35;54;70;38;23;38;47;52;60
HXWN,45;30;34;15;71;27;54;24;90;11;13;17;7;73;41;92;60;75;33;39
H85T,31;56;42;54;7;69;95;54;54;60;42;32;40;43;54;95;53;46;60;23
N6HK,80;69;7;29;77;38;51;55;33;65;10;69;0;75;20;3;86;32;80;42
QE0V,11;66;87;49;80;37;29;22;94;29;72;37;65;99;35;46;47;4;28;49
DWG6,29;97;48;0;15;71;74;64;38;68;10;8;58;33;33;56;81;1;22;89
AKV0,5;40;62;92;54;9;62;38;35;84;36;41;44;41;46;7;89;11;13;94
EOSX,76;51;66;77;39;95;21;62;52;94;27;66;18;0;55;20;28;22;10;94
O9QA,19;25;86;12;48;87;88;98;54;54;84;86;61;10;1;25;21;88;9;59
PL2W,70;42;58;19;2;8;86;14;3;41;98;17;92;31;21;5;11;37;9;22
L7IT,46;24;95;37;5;47;75;41;59;99;7;53;44;42;84;43;43;18;48;60
LDLW,54;56;36;64;44;44;33;31;77;35;73;7;42;0;6;11;16;91;41;53
TEMW,35;23;8;26;87;71;45;22;13;5;34;44;82;91;79;60;23;44;88;23
HEHH,96;35;88;16;45;53;45;81;17;92;23;34;18;51;94;36;83;97;34;88
XY8F,89;26;48;71;39;37;67;6;95;91;83;0;21;97;44;49;14;11;35;6
DOHK,26;21;53;97;23;54;60;97;13;1;19;47;67;48;4;69;31;52;83;98
L9C9,60;9;88;55;6;26;35;58;32;8;23;97;73;11;10;86;55;64;27;99
TT03,14;18;32;37;26;63;50;1;66;58;7;22;69;66;69;43;95;16;18;67
T1Z1,98;27;62;81;94;84;49;98;72;1;31;17;97;52;9;86;3;20;4;66
Y7RO,99;14;1;69;78;33;76;90;74;78;81;57;9;51;58;91;64;26;26;55
JHD7,9;33;71;82;81;40;37;51;76;50;29;44;37;15;50;38;62;74;23;62
PE93,22;43;67;88;81;70;78;1;67;4;70;19;98;61;95;38;19;34;32;90
RZOE,35;20;50;50;92;25;61;76;94;53;17;81;86;53;20;90;11;17;82;88
CSGI,12;72;5;72;92;88;8;25;9;44;22;14;70;55;23;80;99;38;62;32
L5EQ,22;26;48;3;95;89;65;87;35;53;8;91;11;19;31;4;37;57;7;28
GTM4,8;62;10;6;40;82;56;49;85;94;55;81;46;69;66;96;69;31;89;92
XWRK,49;44;91;40;68;19;88;39;21;94;81;60;54;94;93;9;64;68;22;28
IQ19,42;69;79;4;97;78;31;46;98;22;43;48;29;63;64;7;57;57;9;21
BT9M,6;61;15;48;75;89;93;28;95;74;49;38;58;47;4;82;11;81;38;42
R6NS,27;53;33;63;11;60;9;98;80;38;84;72;53;54;93;41;4;78;53;68
JQF1,77;90;49;74;5;54;21;65;85;85;92;13;11;4;53;33;78;10;68;59
YTLS,53;13;14;70;96;66;11;16;91;8;33;9;51;43;80;57;73;17;30;9
FWJI,34;94;30;91;23;69;13;18;4;20;3;88;67;31;40;69;91;62;34;31
P6T1,46;32;56;54;37;32;11;65;86;84;45;96;15;25;17;81;67;38;46;18
A2UB,37;40;31;66;83;37;4;20;75;80;51;99;31;51;33;54;36;82;43;98
AGPK,63;58;63;24;12;55;99;98;7;53;79;58;96;67;53;69;62;17;48;17
QRC2,10;33;22;54;35;26;65;91;64;90;84;53;55;51;16;0;20;65;14;54
RU82,53;26;96;76;85;25;72;69;31;77;97;16;28;56;30;27;7;96;24;79
BU0Q,4;14;71;82;92;73;25;58;99;68;84;76;77;22;40;5;32;20;57;11
UJKW,77;40;47;95;50;24;91;83;49;37;70;78;42;45;13;72;29;41;3;59
V1N7,62;92;83;23;55;20;73;50;62;83;63;10;78;61;79;27;63;75;47;60
SUN7,3;2;90;82;3;39;56;85;17;61;61;23;97;88;80;8;27;93;75;77
XFM2,1;87;98;85;77;46;24;51;5;59;49;74;32;31;27;0;80;17;4;34
LZ44,40;73;6;41;71;82;14;95;8;48;73;25;35;12;10;69;41;46;56;7
DF4E,66;33;82;91;45;17;12;81;37;38;60;80;54;56;42;80;64;30;92;21
N5K0,64;90;23;49;61;45;25;89;45;82;58;98;59;41;12;50;94;57;95;9
WG18,37;48;23;52;68;23;58;49;40;48;24;25;41;13;28;35;47;28;32;49
LVUG,51;60;18;92;41;34;33;47;25;61;57;95;47;89;20;39;61;82;88;4
QL7P,21;22;84;34;24;92;84;55;89;60;11;85;24;20;75;63;21;46;14;13
ZQ5O,65;12;42;66;4;28;34;16;45;41;63;91;99;16;28;64;46;11;56;95
KVQ3,16;22;14;75;62;65;27;64;72;86;27;49;69;10;32;35;94;62;6;11
BCS4,32;43;21;41;89;69;88;97;21;38;88;88;58;43;11;35;93;14;56;61
RC1T,6;40;83;14;69;82;36;28;21;40;10;60;1;12;86;87;61;42;54;42
X4NA,15;0;34;68;63;81;17;24;63;27;35;22;50;76;11;65;92;3;58;1
B4RG,56;92;53;80;12;12;38;79;81;13;41;59;76;49;39;77;89;65;33;51
BNTC,12;28;61;69;25;55;53;60;83;31;80;48;24;59;1;48;89;90;10;72
XOBQ,50;32;4;31;17;64;58;34;3;84;36;85;95;20;37;53;99;88;83;31
Z2EN,36;22;7;57;2;18;63;68;0;2;74;75;45;10;57;12;62;30;59;0
OQDL,58;99;13;3;71;27;34;77;26;0;8;89;99;76;29;10;79;21;36;14
JNUC,65;4;62;36;50;76;0;7;91;90;78;22;15;31;2;66;72;17;25;16
EXR0,18;89;29;14;8;14;69;48;87;99;77;99;8;33;53;21;53;23;84;69
VMNM,7;34;86;83;67;49;23;67;5;96;79;80;92;41;59;89;48;0;35;53
QNUD,94;47;34;35;59;38;9;0;19;34;29;88;24;89;74;9;41;71;32;77
NNS5,61;61;15;56;49;56;58;14;93;41;58;92;84;54;61;2;60;67;84;6
P7AT,7;77;27;16;68;23;50;87;82;55;50;93;9;90;99;23;95;30;58;35
JBLT,30;26;58;48;23;26;50;29;33;49;52;69;33;42;41;46;41;89;24;33
EQI8,55;21;32;36;22;67;17;29;79;87;36;39;36;67;92;79;53;76;55;71
E4IU,62;63;73;94;62;32;51;9;40;31;17;95;36;60;27;8;46;68;14;8
AH6V,40;68;23;23;42;69;74;90;23;18;49;44;67;39;3;37;99;23;40;2
A62Y,93;34;32;6;64;55;75;62;54;62;16;40;65;0;8;71;53;89;31;75
FE12,88;97;52;1;36;23;1;67;51;14;28;6;86;16;82;52;68;33;74;10
D4U2,12;74;28;60;19;79;80;75;46;95;45;88;62;5;71;91;4;83;53;40
OB5S,98;63;87;99;63;73;30;91;19;42;81;57;85;85;41;56;4;1;10;27
A2U2,39;5;18;50;32;76;54;75;82;9;53;12;99;17;57;56;82;0;60;94
Q52U,51;5;21;54;84;46;83;68;83;21;62;55;65;82;10;57;98;91;11;93
PKH1,24;35;17;63;88;65;49;73;69;78;41;26;7;59;68;94;61;70;35;98
NNZJ,37;23;54;32;38;56;70;50;74;90;26;31;86;76;51;39;15;11;60;47
LSBD,77;89;49;32;5;33;98;9;32;2;19;36;96;69;87;91;56;62;2;44
E18A,25;41;6;72;73;91;21;83;34;74;17;54;75;68;21;45;53;75;24;83
CMLW,34;94;39;44;46;5;34;11;72;98;43;27;24;53;30;94;21;47;92;70
ZNSR,96;71;51;99;93;47;76;35;2;36;48;1;40;96;70;27;56;26;35;69
MI1J,87;38;65;13;73;25;13;50;22;84;95;3;41;47;54;67;75;68;79;46
ZD9B,84;49;3;77;88;93;77;6;46;29;55;24;30;66;83;22;51;32;34;30
F907,71;3;54;33;13;5;47;93;56;82;32;72;17;31;64;90;80;63;97;21
KQ7J,44;97;23;30;44;41;45;96;87;98;62;63;47;80;91;20;97;55;36;47
KRUN,1;76;76;49;88;53;55;30;28;85;41;70;62;54;34;51;68;75;42;99
DBGU,90;77;58;4;61;97;37;3;2;81;26;53;9;40;20;64;6;88;72;54
VKLZ,54;24;84;50;94;61;0;88;24;82;47;27;51;72;9;94;27;77;76;34
BZYC,72;35;47;29;41;81;45;79;18;64;56;56;21;94;54;17;61;74;51;33
BZXC,14;35;78;47;69;15;12;8;61;34;65;9;62;30;68;72;23;48;28;97
EPKA,65;47;58;28;69;81;67;66;18;76;80;65;81;56;62;47;77;71;50;13
JY1T,2;38;41;30;25;36;61;29;45;67;13;39;80;67;50;73;62;92;33;73
K36I,30;54;35;52;34;61;28;49;38;37;43;39;40;29;34;47;43;41;45;47
WF7Q,81;21;8;57;70;77;93;69;11;60;74;60;8;48;0;34;83;30;48;36
YN0U,74;23;98;23;46;91;50;68;58;27;12;62;50;26;57;16;69;50;51;72
TED6,13;46;38;38;44;29;1;25;16;15;97;99;12;35;59;11;70;40;6;13
HUIG,61;24;97;57;26;15;42;31;49;9;52;70;0;37;54;20;79;43;43;86
KTKT,43;18;39;46;15;52;98;64;42;69;40;79;12;88;49;35;26;4;13;66
S89U,84;95;20;43;26;8;14;38;39;90;36;38;37;10;86;88;64;18;70;67
NOUM,21;47;65;76;22;35;7;5;6;91;26;87;59;31;2;85;3;46;17;69
LCTZ,88;9;19;37;60;0;3;38;18;24;76;33;49;24;67;22;29;51;9;27
HIV1,48;51;32;86;72;62;70;8;54;89;74;42;3;68;5;37;92;17;22;82
II6P,38;48;11;91;30;86;98;94;93;5;57;63;57;68;92;57;65;33;99;64
OS77,85;17;20;70;73;93;73;48;39;75;7;54;50;20;89;97;28;55;58;89
LDDB,8;89;17;28;22;85;82;74;76;29;21;98;0;1;78;71;28;87;83;98
EGJA,50;12;14;46;19;27;38;80;78;30;53;20;99;66;95;46;15;37;28;54
NTRL,95;54;95;27;77;52;66;66;47;57;45;15;2;2;26;40;8;50;69;38
X7CG,42;18;98;56;76;78;0;14;54;68;11;63;68;64;47;36;31;89;13;4
UWZO,32;62;27;73;96;3;66;45;35;31;52;84;30;28;73;27;5;40;84;21
NILB,28;75;28;4;70;97;73;78;20;20;15;30;69;0;20;1;63;93;12;82
M46E,97;54;55;62;6;93;50;16;64;43;45;40;31;52;10;12;46;70;4;81
PWFE,38;71;95;73;68;85;46;53;40;46;80;40;82;18;23;31;72;82;49;76
VO4H,84;37;39;24;53;43;94;84;35;21;79;59;17;85;91;37;46;79;98;7
FO9K,10;39;5;35;93;89;77;29;87;49;79;39;12;63;98;40;93;6;75;37
JEQE,98;6;37;3;56;44;83;31;53;29;83;12;40;99;77;92;1;77;62;61
AP8T,82;4;41;5;50;18;94;97;84;80;44;7;95;47;40;73;34;15;28;88
PBA8,14;35;86;23;30;34;56;33;77;97;54;92;84;69;11;15;89;0;60;14
WY41,92;5;5;20;95;35;24;56;40;67;54;85;32;79;33;8;61;89;3;89
U5AK,11;6;25;73;39;5;37;63;12;9;58;46;50;57;49;63;25;2;60;25
IQAB,1;6;3;64;35;59;40;49;95;49;93;44;47;16;48;81;85;50;72;30
FQ3L,41;82;41;78;5;96;73;5;62;83;86;45;42;78;35;40;91;43;99;8
HYLZ,27;88;93;73;65;12;84;41;11;29;78;30;77;28;70;53;44;23;51;54
QB1Z,74;57;20;86;63;39;57;90;65;40;53;72;42;42;92;31;80;92;49;91
S0U8,34;94;19;37;41;99;50;67;75;13;94;51;94;83;65;69;99;55;84;0
RTBE,51;4;74;5;91;8;78;40;77;59;31;45;7;82;4;80;66;57;3;41
JCBD,14;56;69;96;2;34;95;34;69;22;19;97;29;78;51;5;28;39;89;25
MBZN,88;89;22;61;15;66;15;81;2;41;64;86;18;22;19;50;38;62;99;6
GBGG,8;91;91;99;69;94;83;88;56;38;34;32;30;59;80;58;4;45;20;59
Q6RY,57;90;54;94;84;72;83;74;36;42;2;30;1;95;29;65;33;56;5;79
E0H9,91;69;61;43;94;80;27;38;28;44;23;69;25;30;39;6;75;2;14;97
XMKZ,76;96;8;83;95;7;38;49;10;11;33;44;94;46;73;11;18;36;88;45
UCOL,63;1;6;4;36;3;4;93;95;94;8;3;16;87;63;33;77;30;86;26
HBCS,33;15;99;16;3;86;7;98;82;29;13;87;59;69;32;12;12;15;25;43
F67F,98;44;85;3;55;17;50;88;89;63;68;73;52;62;68;75;83;44;62;26
KIGA,5;3;51;72;58;97;80;1;50;68;99;18;59;14;87;75;16;97;28;17
N3DZ,76;77;43;50;94;62;68;45;19;72;80;81;87;7;38;7;79;77;67;79
TCOH,85;75;0;46;22;34;59;32;91;37;52;35;71;39;63;34;54;18;70;94
EHU2,52;46;37;50;59;50;36;59;42;44;58;50;26;33;49;57;44;47;22;43
IPQ6,77;52;7;75;74;99;63;47;84;15;92;53;92;88;62;12;50;25;77;63
Z5O4,5;40;19;80;69;52;63;68;17;47;32;39;49;84;99;69;40;55;11;7
F3P8,4;47;1;4;58;40;11;96;67;96;78;94;36;6;68;68;51;79;82;95
R2B1,27;21;49;13;4;85;69;55;44;68;27;87;8;76;90;22;46;33;71;86
ASGM,22;70;98;54;85;39;95;63;34;29;97;43;39;58;81;45;86;43;25;94
XCXR,71;52;18;57;45;14;78;99;89;95;75;88;97;70;30;73;49;76;35;46
SUHC,37;85;0;45;86;13;74;47;30;5;6;84;95;93;19;26;88;10;33;73
W5LF,53;15;36;28;9;76;26;74;45;68;82;7;53;69;79;31;92;36;61;32
O2I9,18;21;0;21;32;79;47;32;80;20;94;64;66;60;20;41;85;33;8;81
MG2V,63;84;50;92;41;89;4;70;17;32;42;22;36;44;85;71;4;43;93;33
ALSW,54;36;76;51;51;60;54;20;86;97;3;34;36;7;84;0;45;51;83;22
LDDL,77;79;62;57;91;27;87;79;90;42;31;73;71;51;69;41;62;63;3;47
Z9NH,79;21;70;33;27;17;1;63;55;99;70;48;60;15;44;8;29;44;30;43
BIB4,32;70;32;70;41;26;75;55;24;79;12;0;60;27;49;30;4;27;16;45
T7RP,62;14;29;99;15;68;88;35;70;22;42;93;48;15;9;56;18;64;22;80
MZI2,43;85;27;15;13;44;12;94;29;92;29;83;74;86;51;59;45;39;59;2
QSBP,68;72;37;76;27;48;35;80;16;53;93;43;62;87;3;93;45;44;90;62
IUMZ,58;42;26;44;46;38;32;75;38;36;57;40;70;58;20;35;46;29;55;54
GHC6,8;7;59;9;25;47;98;64;24;68;0;3;78;32;40;20;95;23;28;57
DG4X,88;48;7;18;22;60;3;94;14;71;65;97;27;76;62;28;40;77;75;73
QH9W,0;620;0;115;194;0;243;0;428;0;0;259;0;282;0;273;223;203;0;0
VHUC,17;25;30;22;85;41;94;75;71;30;58;63;19;83;85;63;89;29;29;10
XS6G,67;91;19;23;12;31;61;34;43;72;45;1;4;76;5;46;11;30;74;85
AT73,7;85;10;40;43;80;53;14;96;86;12;59;8;73;2;27;85;69;10;89
Y6CB,57;23;99;40;88;12;19;18;68;84;64;38;69;40;72;49;45;95;24;59
NLWY,35;32;85;20;46;84;87;25;68;44;72;1;5;65;13;2;83;90;73;2
AG8A,0;31;49;43;12;72;37;4;81;38;16;13;99;44;86;18;25;71;83;82
CLDH,68;6;24;70;43;23;97;35;89;4;86;37;12;40;10;28;83;40;44;31
FEZ6,9;22;69;41;68;83;90;71;92;70;43;1;71;95;2;71;92;49;83;90
DERZ,22;58;2;98;68;4;53;95;64;99;68;40;43;13;53;93;68;92;67;6
MFAP,70;79;6;21;17;89;22;27;91;3;28;20;78;82;30;70;86;34;35;47
L9U9,92;43;50;11;61;85;9;30;49;48;94;72;66;37;13;36;95;93;39;89
YP97,65;26;56;78;63;8;90;82;53;90;32;5;66;79;88;90;72;98;77;65
P47I,72;25;25;52;41;53;98;15;92;84;10;77;30;94;73;83;4;27;30;17
Q386,10;68;60;74;48;80;51;81;11;40;77;5;56;83;52;46;30;19;61;66
LCOO,65;31;74;59;21;59;89;1;88;87;65;10;91;93;44;40;32;67;56;39
JQYE,17;94;19;48;45;39;29;2;52;35;5;45;20;55;67;37;3;18;4;5
QQZ8,87;22;75;10;37;71;79;34;25;39;58;2;83;33;77;77;80;65;91;84
JTYH,26;8;38;41;27;34;97;33;61;57;90;73;7;32;83;78;57;75;28;30
NMA6,61;81;91;23;20;10;60;76;68;25;38;66;95;45;65;2;43;94;6;38
DUS0,51;74;2;54;33;6;72;19;91;84;14;6;32;94;64;50;89;22;60;19
JF36,16;37;59;94;7;22;63;92;52;72;0;21;94;99;46;80;66;44;59;36
CEAE,37;46;17;45;30;33;1;36;46;45;28;68;50;40;44;56;28;77;40;48
E8MI,36;39;57;40;91;60;79;86;55;66;28;22;83;55;61;13;82;67;37;87
UGSG,57;26;12;85;71;59;72;18;25;44;62;50;56;78;62;85;75;82;17;1
PEYS,11;15;5;43;5;98;11;25;85;62;60;70;61;0;87;14;35;64;29;22
HLSV,91;40;16;67;84;97;65;89;84;3;50;19;42;68;47;11;46;80;81;89
F2YI,49;17;3;79;73;31;9;0;85;85;74;86;71;98;75;30;45;20;93;32
LKN9,69;54;0;52;91;42;23;99;42;92;53;81;37;99;42;78;86;77;59;48
B989,85;58;46;5;34;58;59;19;94;91;29;15;43;28;18;12;8;40;96;63
IF3O,96;43;96;63;63;17;32;36;11;83;12;65;85;44;56;3;91;28;56;52
H2T1,48;87;24;0;81;42;12;10;21;26;49;49;46;42;7;21;19;23;55;23
EQ2W,76;11;78;7;99;53;96;21;93;57;60;62;94;16;80;46;50;70;60;33
EICR,24;84;62;64;48;30;17;28;13;92;6;22;1;35;47;7;60;10;2;1
KOKU,49;35;34;77;67;22;43;16;7;48;92;79;0;38;39;43;95;47;29;55
NRJT,91;76;63;94;96;24;74;85;40;44;41;57;81;74;11;36;63;86;76;35
U0JE,56;97;90;15;68;76;57;21;35;48;81;3;28;99;27;7;14;12;43;74
XD9N,50;29;81;55;12;65;21;86;22;31;33;39;53;89;65;40;50;79;49;9
FO3Y,78;15;98;4;78;15;73;27;4;55;40;1;32;95;29;77;64;9;31;30
